year,quarter,segment,flow,split_type,split_value,count_value,pct_value
2019,1,Global,incoming,gender,Men,49,92.5
2019,1,Global,incoming,gender,Women,4,7.5
2019,1,Global,incoming,appointment,Internal,40,75.5
2019,1,Global,incoming,appointment,External,13,24.5
2019,1,Global,incoming,first_timer,Yes,45,84.9
2019,1,Global,incoming,first_timer,No,8,15.1
2019,1,Global,outgoing,gender,Men,39,95.1
2019,1,Global,outgoing,gender,Women,2,4.9
2019,1,Global,outgoing,appointment,Internal,32,78.0
2019,1,Global,outgoing,appointment,External,9,22.0
2019,1,Global,outgoing,first_timer,Yes,34,82.9
2019,1,Global,outgoing,first_timer,No,7,17.1
2019,1,Consumer,incoming,gender,Men,14,100.0
2019,1,Consumer,incoming,gender,Women,0,0.0
2019,1,Consumer,incoming,appointment,Internal,12,85.7
2019,1,Consumer,incoming,appointment,External,2,14.3
2019,1,Consumer,incoming,first_timer,Yes,,
2019,1,Consumer,incoming,first_timer,No,,
2019,1,Consumer,outgoing,gender,Men,9,90.0
2019,1,Consumer,outgoing,gender,Women,1,10.0
2019,1,Consumer,outgoing,appointment,Internal,8,80.0
2019,1,Consumer,outgoing,appointment,External,2,20.0
2019,1,Consumer,outgoing,first_timer,Yes,,
2019,1,Consumer,outgoing,first_timer,No,,
2019,1,Financial Services,incoming,gender,Men,12,100.0
2019,1,Financial Services,incoming,gender,Women,0,0.0
2019,1,Financial Services,incoming,appointment,Internal,9,75.0
2019,1,Financial Services,incoming,appointment,External,3,25.0
2019,1,Financial Services,incoming,first_timer,Yes,,
2019,1,Financial Services,incoming,first_timer,No,,
2019,1,Financial Services,outgoing,gender,Men,10,100.0
2019,1,Financial Services,outgoing,gender,Women,0,0.0
2019,1,Financial Services,outgoing,appointment,Internal,9,90.0
2019,1,Financial Services,outgoing,appointment,External,1,10.0
2019,1,Financial Services,outgoing,first_timer,Yes,,
2019,1,Financial Services,outgoing,first_timer,No,,
2019,1,Healthcare,incoming,gender,Men,4,80.0
2019,1,Healthcare,incoming,gender,Women,1,20.0
2019,1,Healthcare,incoming,appointment,Internal,4,80.0
2019,1,Healthcare,incoming,appointment,External,1,20.0
2019,1,Healthcare,incoming,first_timer,Yes,,
2019,1,Healthcare,incoming,first_timer,No,,
2019,1,Healthcare,outgoing,gender,Men,3,100.0
2019,1,Healthcare,outgoing,gender,Women,0,0.0
2019,1,Healthcare,outgoing,appointment,Internal,3,100.0
2019,1,Healthcare,outgoing,appointment,External,0,0.0
2019,1,Healthcare,outgoing,first_timer,Yes,,
2019,1,Healthcare,outgoing,first_timer,No,,
2019,1,Industrial,incoming,gender,Men,,
2019,1,Industrial,incoming,gender,Women,,
2019,1,Industrial,incoming,appointment,Internal,,
2019,1,Industrial,incoming,appointment,External,,
2019,1,Industrial,incoming,first_timer,Yes,,
2019,1,Industrial,incoming,first_timer,No,,
2019,1,Industrial,outgoing,gender,Men,,
2019,1,Industrial,outgoing,gender,Women,,
2019,1,Industrial,outgoing,appointment,Internal,,
2019,1,Industrial,outgoing,appointment,External,,
2019,1,Industrial,outgoing,first_timer,Yes,,
2019,1,Industrial,outgoing,first_timer,No,,
2019,1,Technology,incoming,gender,Men,6,85.7
2019,1,Technology,incoming,gender,Women,1,14.3
2019,1,Technology,incoming,appointment,Internal,4,57.1
2019,1,Technology,incoming,appointment,External,3,42.9
2019,1,Technology,incoming,first_timer,Yes,,
2019,1,Technology,incoming,first_timer,No,,
2019,1,Technology,outgoing,gender,Men,2,100.0
2019,1,Technology,outgoing,gender,Women,0,0.0
2019,1,Technology,outgoing,appointment,Internal,1,50.0
2019,1,Technology,outgoing,appointment,External,1,50.0
2019,1,Technology,outgoing,first_timer,Yes,,
2019,1,Technology,outgoing,first_timer,No,,
2019,2,Global,incoming,gender,Men,74,91.4
2019,2,Global,incoming,gender,Women,7,8.6
2019,2,Global,incoming,appointment,Internal,67,82.7
2019,2,Global,incoming,appointment,External,14,17.3
2019,2,Global,incoming,first_timer,Yes,72,88.9
2019,2,Global,incoming,first_timer,No,9,11.1
2019,2,Global,outgoing,gender,Men,62,98.4
2019,2,Global,outgoing,gender,Women,1,1.6
2019,2,Global,outgoing,appointment,Internal,53,84.1
2019,2,Global,outgoing,appointment,External,10,15.9
2019,2,Global,outgoing,first_timer,Yes,52,82.5
2019,2,Global,outgoing,first_timer,No,11,17.5
2019,2,Consumer,incoming,gender,Men,10,83.3
2019,2,Consumer,incoming,gender,Women,2,16.7
2019,2,Consumer,incoming,appointment,Internal,8,66.7
2019,2,Consumer,incoming,appointment,External,4,33.3
2019,2,Consumer,incoming,first_timer,Yes,,
2019,2,Consumer,incoming,first_timer,No,,
2019,2,Consumer,outgoing,gender,Men,6,85.7
2019,2,Consumer,outgoing,gender,Women,1,14.3
2019,2,Consumer,outgoing,appointment,Internal,3,42.9
2019,2,Consumer,outgoing,appointment,External,4,57.1
2019,2,Consumer,outgoing,first_timer,Yes,,
2019,2,Consumer,outgoing,first_timer,No,,
2019,2,Financial Services,incoming,gender,Men,14,93.3
2019,2,Financial Services,incoming,gender,Women,1,6.7
2019,2,Financial Services,incoming,appointment,Internal,13,86.7
2019,2,Financial Services,incoming,appointment,External,2,13.3
2019,2,Financial Services,incoming,first_timer,Yes,,
2019,2,Financial Services,incoming,first_timer,No,,
2019,2,Financial Services,outgoing,gender,Men,15,100.0
2019,2,Financial Services,outgoing,gender,Women,0,0.0
2019,2,Financial Services,outgoing,appointment,Internal,11,73.3
2019,2,Financial Services,outgoing,appointment,External,4,26.7
2019,2,Financial Services,outgoing,first_timer,Yes,,
2019,2,Financial Services,outgoing,first_timer,No,,
2019,2,Healthcare,incoming,gender,Men,4,80.0
2019,2,Healthcare,incoming,gender,Women,1,20.0
2019,2,Healthcare,incoming,appointment,Internal,4,80.0
2019,2,Healthcare,incoming,appointment,External,1,20.0
2019,2,Healthcare,incoming,first_timer,Yes,,
2019,2,Healthcare,incoming,first_timer,No,,
2019,2,Healthcare,outgoing,gender,Men,3,100.0
2019,2,Healthcare,outgoing,gender,Women,0,0.0
2019,2,Healthcare,outgoing,appointment,Internal,2,66.7
2019,2,Healthcare,outgoing,appointment,External,1,33.3
2019,2,Healthcare,outgoing,first_timer,Yes,,
2019,2,Healthcare,outgoing,first_timer,No,,
2019,2,Industrial,incoming,gender,Men,,
2019,2,Industrial,incoming,gender,Women,,
2019,2,Industrial,incoming,appointment,Internal,,
2019,2,Industrial,incoming,appointment,External,,
2019,2,Industrial,incoming,first_timer,Yes,,
2019,2,Industrial,incoming,first_timer,No,,
2019,2,Industrial,outgoing,gender,Men,,
2019,2,Industrial,outgoing,gender,Women,,
2019,2,Industrial,outgoing,appointment,Internal,,
2019,2,Industrial,outgoing,appointment,External,,
2019,2,Industrial,outgoing,first_timer,Yes,,
2019,2,Industrial,outgoing,first_timer,No,,
2019,2,Technology,incoming,gender,Men,9,100.0
2019,2,Technology,incoming,gender,Women,0,0.0
2019,2,Technology,incoming,appointment,Internal,4,44.4
2019,2,Technology,incoming,appointment,External,5,55.6
2019,2,Technology,incoming,first_timer,Yes,,
2019,2,Technology,incoming,first_timer,No,,
2019,2,Technology,outgoing,gender,Men,6,100.0
2019,2,Technology,outgoing,gender,Women,0,0.0
2019,2,Technology,outgoing,appointment,Internal,4,66.7
2019,2,Technology,outgoing,appointment,External,2,33.3
2019,2,Technology,outgoing,first_timer,Yes,,
2019,2,Technology,outgoing,first_timer,No,,
2019,3,Global,incoming,gender,Men,37,90.2
2019,3,Global,incoming,gender,Women,4,9.8
2019,3,Global,incoming,appointment,Internal,20,48.8
2019,3,Global,incoming,appointment,External,21,51.2
2019,3,Global,incoming,first_timer,Yes,37,90.2
2019,3,Global,incoming,first_timer,No,4,9.8
2019,3,Global,outgoing,gender,Men,32,94.1
2019,3,Global,outgoing,gender,Women,2,5.9
2019,3,Global,outgoing,appointment,Internal,25,73.5
2019,3,Global,outgoing,appointment,External,9,26.5
2019,3,Global,outgoing,first_timer,Yes,27,79.4
2019,3,Global,outgoing,first_timer,No,7,20.6
2019,3,Consumer,incoming,gender,Men,8,100.0
2019,3,Consumer,incoming,gender,Women,0,0.0
2019,3,Consumer,incoming,appointment,Internal,3,37.5
2019,3,Consumer,incoming,appointment,External,5,62.5
2019,3,Consumer,incoming,first_timer,Yes,,
2019,3,Consumer,incoming,first_timer,No,,
2019,3,Consumer,outgoing,gender,Men,4,80.0
2019,3,Consumer,outgoing,gender,Women,1,20.0
2019,3,Consumer,outgoing,appointment,Internal,5,100.0
2019,3,Consumer,outgoing,appointment,External,0,0.0
2019,3,Consumer,outgoing,first_timer,Yes,,
2019,3,Consumer,outgoing,first_timer,No,,
2019,3,Financial Services,incoming,gender,Men,5,83.3
2019,3,Financial Services,incoming,gender,Women,1,16.7
2019,3,Financial Services,incoming,appointment,Internal,4,66.7
2019,3,Financial Services,incoming,appointment,External,2,33.3
2019,3,Financial Services,incoming,first_timer,Yes,,
2019,3,Financial Services,incoming,first_timer,No,,
2019,3,Financial Services,outgoing,gender,Men,6,100.0
2019,3,Financial Services,outgoing,gender,Women,0,0.0
2019,3,Financial Services,outgoing,appointment,Internal,4,66.7
2019,3,Financial Services,outgoing,appointment,External,2,33.3
2019,3,Financial Services,outgoing,first_timer,Yes,,
2019,3,Financial Services,outgoing,first_timer,No,,
2019,3,Healthcare,incoming,gender,Men,5,100.0
2019,3,Healthcare,incoming,gender,Women,0,0.0
2019,3,Healthcare,incoming,appointment,Internal,2,40.0
2019,3,Healthcare,incoming,appointment,External,3,60.0
2019,3,Healthcare,incoming,first_timer,Yes,,
2019,3,Healthcare,incoming,first_timer,No,,
2019,3,Healthcare,outgoing,gender,Men,6,100.0
2019,3,Healthcare,outgoing,gender,Women,0,0.0
2019,3,Healthcare,outgoing,appointment,Internal,3,50.0
2019,3,Healthcare,outgoing,appointment,External,3,50.0
2019,3,Healthcare,outgoing,first_timer,Yes,,
2019,3,Healthcare,outgoing,first_timer,No,,
2019,3,Industrial,incoming,gender,Men,,
2019,3,Industrial,incoming,gender,Women,,
2019,3,Industrial,incoming,appointment,Internal,,
2019,3,Industrial,incoming,appointment,External,,
2019,3,Industrial,incoming,first_timer,Yes,,
2019,3,Industrial,incoming,first_timer,No,,
2019,3,Industrial,outgoing,gender,Men,,
2019,3,Industrial,outgoing,gender,Women,,
2019,3,Industrial,outgoing,appointment,Internal,,
2019,3,Industrial,outgoing,appointment,External,,
2019,3,Industrial,outgoing,first_timer,Yes,,
2019,3,Industrial,outgoing,first_timer,No,,
2019,3,Technology,incoming,gender,Men,4,66.7
2019,3,Technology,incoming,gender,Women,2,33.3
2019,3,Technology,incoming,appointment,Internal,6,100.0
2019,3,Technology,incoming,appointment,External,0,0.0
2019,3,Technology,incoming,first_timer,Yes,,
2019,3,Technology,incoming,first_timer,No,,
2019,3,Technology,outgoing,gender,Men,2,100.0
2019,3,Technology,outgoing,gender,Women,0,0.0
2019,3,Technology,outgoing,appointment,Internal,0,0.0
2019,3,Technology,outgoing,appointment,External,2,100.0
2019,3,Technology,outgoing,first_timer,Yes,,
2019,3,Technology,outgoing,first_timer,No,,
2019,4,Global,incoming,gender,Men,35,92.1
2019,4,Global,incoming,gender,Women,3,7.9
2019,4,Global,incoming,appointment,Internal,27,71.1
2019,4,Global,incoming,appointment,External,11,28.9
2019,4,Global,incoming,first_timer,Yes,33,86.8
2019,4,Global,incoming,first_timer,No,5,13.2
2019,4,Global,outgoing,gender,Men,41,93.2
2019,4,Global,outgoing,gender,Women,3,6.8
2019,4,Global,outgoing,appointment,Internal,31,70.5
2019,4,Global,outgoing,appointment,External,13,29.5
2019,4,Global,outgoing,first_timer,Yes,38,86.4
2019,4,Global,outgoing,first_timer,No,6,13.6
2019,4,Consumer,incoming,gender,Men,5,100.0
2019,4,Consumer,incoming,gender,Women,0,0.0
2019,4,Consumer,incoming,appointment,Internal,3,60.0
2019,4,Consumer,incoming,appointment,External,2,40.0
2019,4,Consumer,incoming,first_timer,Yes,,
2019,4,Consumer,incoming,first_timer,No,,
2019,4,Consumer,outgoing,gender,Men,7,77.8
2019,4,Consumer,outgoing,gender,Women,2,22.2
2019,4,Consumer,outgoing,appointment,Internal,5,55.6
2019,4,Consumer,outgoing,appointment,External,4,44.4
2019,4,Consumer,outgoing,first_timer,Yes,,
2019,4,Consumer,outgoing,first_timer,No,,
2019,4,Financial Services,incoming,gender,Men,6,85.7
2019,4,Financial Services,incoming,gender,Women,1,14.3
2019,4,Financial Services,incoming,appointment,Internal,3,42.9
2019,4,Financial Services,incoming,appointment,External,4,57.1
2019,4,Financial Services,incoming,first_timer,Yes,,
2019,4,Financial Services,incoming,first_timer,No,,
2019,4,Financial Services,outgoing,gender,Men,5,100.0
2019,4,Financial Services,outgoing,gender,Women,0,0.0
2019,4,Financial Services,outgoing,appointment,Internal,4,80.0
2019,4,Financial Services,outgoing,appointment,External,1,20.0
2019,4,Financial Services,outgoing,first_timer,Yes,,
2019,4,Financial Services,outgoing,first_timer,No,,
2019,4,Healthcare,incoming,gender,Men,3,100.0
2019,4,Healthcare,incoming,gender,Women,0,0.0
2019,4,Healthcare,incoming,appointment,Internal,3,100.0
2019,4,Healthcare,incoming,appointment,External,0,0.0
2019,4,Healthcare,incoming,first_timer,Yes,,
2019,4,Healthcare,incoming,first_timer,No,,
2019,4,Healthcare,outgoing,gender,Men,6,100.0
2019,4,Healthcare,outgoing,gender,Women,0,0.0
2019,4,Healthcare,outgoing,appointment,Internal,2,33.3
2019,4,Healthcare,outgoing,appointment,External,4,66.7
2019,4,Healthcare,outgoing,first_timer,Yes,,
2019,4,Healthcare,outgoing,first_timer,No,,
2019,4,Industrial,incoming,gender,Men,,
2019,4,Industrial,incoming,gender,Women,,
2019,4,Industrial,incoming,appointment,Internal,,
2019,4,Industrial,incoming,appointment,External,,
2019,4,Industrial,incoming,first_timer,Yes,,
2019,4,Industrial,incoming,first_timer,No,,
2019,4,Industrial,outgoing,gender,Men,,
2019,4,Industrial,outgoing,gender,Women,,
2019,4,Industrial,outgoing,appointment,Internal,,
2019,4,Industrial,outgoing,appointment,External,,
2019,4,Industrial,outgoing,first_timer,Yes,,
2019,4,Industrial,outgoing,first_timer,No,,
2019,4,Technology,incoming,gender,Men,9,90.0
2019,4,Technology,incoming,gender,Women,1,10.0
2019,4,Technology,incoming,appointment,Internal,7,70.0
2019,4,Technology,incoming,appointment,External,3,30.0
2019,4,Technology,incoming,first_timer,Yes,,
2019,4,Technology,incoming,first_timer,No,,
2019,4,Technology,outgoing,gender,Men,6,85.7
2019,4,Technology,outgoing,gender,Women,1,14.3
2019,4,Technology,outgoing,appointment,Internal,5,71.4
2019,4,Technology,outgoing,appointment,External,2,28.6
2019,4,Technology,outgoing,first_timer,Yes,,
2019,4,Technology,outgoing,first_timer,No,,
2020,1,Global,incoming,gender,Men,55,93.2
2020,1,Global,incoming,gender,Women,4,6.8
2020,1,Global,incoming,appointment,Internal,37,62.7
2020,1,Global,incoming,appointment,External,22,37.3
2020,1,Global,incoming,first_timer,Yes,49,83.1
2020,1,Global,incoming,first_timer,No,10,16.9
2020,1,Global,outgoing,gender,Men,63,95.5
2020,1,Global,outgoing,gender,Women,3,4.5
2020,1,Global,outgoing,appointment,Internal,50,75.8
2020,1,Global,outgoing,appointment,External,16,24.2
2020,1,Global,outgoing,first_timer,Yes,58,87.9
2020,1,Global,outgoing,first_timer,No,8,12.1
2020,1,Consumer,incoming,gender,Men,14,100.0
2020,1,Consumer,incoming,gender,Women,0,0.0
2020,1,Consumer,incoming,appointment,Internal,8,57.1
2020,1,Consumer,incoming,appointment,External,6,42.9
2020,1,Consumer,incoming,first_timer,Yes,,
2020,1,Consumer,incoming,first_timer,No,,
2020,1,Consumer,outgoing,gender,Men,18,94.7
2020,1,Consumer,outgoing,gender,Women,1,5.3
2020,1,Consumer,outgoing,appointment,Internal,16,84.2
2020,1,Consumer,outgoing,appointment,External,3,15.8
2020,1,Consumer,outgoing,first_timer,Yes,,
2020,1,Consumer,outgoing,first_timer,No,,
2020,1,Financial Services,incoming,gender,Men,11,84.6
2020,1,Financial Services,incoming,gender,Women,2,15.4
2020,1,Financial Services,incoming,appointment,Internal,10,76.9
2020,1,Financial Services,incoming,appointment,External,3,23.1
2020,1,Financial Services,incoming,first_timer,Yes,,
2020,1,Financial Services,incoming,first_timer,No,,
2020,1,Financial Services,outgoing,gender,Men,12,100.0
2020,1,Financial Services,outgoing,gender,Women,0,0.0
2020,1,Financial Services,outgoing,appointment,Internal,9,75.0
2020,1,Financial Services,outgoing,appointment,External,3,25.0
2020,1,Financial Services,outgoing,first_timer,Yes,,
2020,1,Financial Services,outgoing,first_timer,No,,
2020,1,Healthcare,incoming,gender,Men,3,75.0
2020,1,Healthcare,incoming,gender,Women,1,25.0
2020,1,Healthcare,incoming,appointment,Internal,4,100.0
2020,1,Healthcare,incoming,appointment,External,0,0.0
2020,1,Healthcare,incoming,first_timer,Yes,,
2020,1,Healthcare,incoming,first_timer,No,,
2020,1,Healthcare,outgoing,gender,Men,2,100.0
2020,1,Healthcare,outgoing,gender,Women,0,0.0
2020,1,Healthcare,outgoing,appointment,Internal,1,50.0
2020,1,Healthcare,outgoing,appointment,External,1,50.0
2020,1,Healthcare,outgoing,first_timer,Yes,,
2020,1,Healthcare,outgoing,first_timer,No,,
2020,1,Industrial,incoming,gender,Men,,
2020,1,Industrial,incoming,gender,Women,,
2020,1,Industrial,incoming,appointment,Internal,,
2020,1,Industrial,incoming,appointment,External,,
2020,1,Industrial,incoming,first_timer,Yes,,
2020,1,Industrial,incoming,first_timer,No,,
2020,1,Industrial,outgoing,gender,Men,,
2020,1,Industrial,outgoing,gender,Women,,
2020,1,Industrial,outgoing,appointment,Internal,,
2020,1,Industrial,outgoing,appointment,External,,
2020,1,Industrial,outgoing,first_timer,Yes,,
2020,1,Industrial,outgoing,first_timer,No,,
2020,1,Technology,incoming,gender,Men,5,100.0
2020,1,Technology,incoming,gender,Women,0,0.0
2020,1,Technology,incoming,appointment,Internal,3,60.0
2020,1,Technology,incoming,appointment,External,2,40.0
2020,1,Technology,incoming,first_timer,Yes,,
2020,1,Technology,incoming,first_timer,No,,
2020,1,Technology,outgoing,gender,Men,4,100.0
2020,1,Technology,outgoing,gender,Women,0,0.0
2020,1,Technology,outgoing,appointment,Internal,3,75.0
2020,1,Technology,outgoing,appointment,External,1,25.0
2020,1,Technology,outgoing,first_timer,Yes,,
2020,1,Technology,outgoing,first_timer,No,,
2020,2,Global,incoming,gender,Men,58,92.1
2020,2,Global,incoming,gender,Women,5,7.9
2020,2,Global,incoming,appointment,Internal,50,79.4
2020,2,Global,incoming,appointment,External,13,20.6
2020,2,Global,incoming,first_timer,Yes,57,90.5
2020,2,Global,incoming,first_timer,No,6,9.5
2020,2,Global,outgoing,gender,Men,47,90.4
2020,2,Global,outgoing,gender,Women,5,9.6
2020,2,Global,outgoing,appointment,Internal,38,73.1
2020,2,Global,outgoing,appointment,External,14,26.9
2020,2,Global,outgoing,first_timer,Yes,47,90.4
2020,2,Global,outgoing,first_timer,No,5,9.6
2020,2,Consumer,incoming,gender,Men,13,100.0
2020,2,Consumer,incoming,gender,Women,0,0.0
2020,2,Consumer,incoming,appointment,Internal,10,76.9
2020,2,Consumer,incoming,appointment,External,3,23.1
2020,2,Consumer,incoming,first_timer,Yes,,
2020,2,Consumer,incoming,first_timer,No,,
2020,2,Consumer,outgoing,gender,Men,6,100.0
2020,2,Consumer,outgoing,gender,Women,0,0.0
2020,2,Consumer,outgoing,appointment,Internal,4,66.7
2020,2,Consumer,outgoing,appointment,External,2,33.3
2020,2,Consumer,outgoing,first_timer,Yes,,
2020,2,Consumer,outgoing,first_timer,No,,
2020,2,Financial Services,incoming,gender,Men,13,100.0
2020,2,Financial Services,incoming,gender,Women,0,0.0
2020,2,Financial Services,incoming,appointment,Internal,10,76.9
2020,2,Financial Services,incoming,appointment,External,3,23.1
2020,2,Financial Services,incoming,first_timer,Yes,,
2020,2,Financial Services,incoming,first_timer,No,,
2020,2,Financial Services,outgoing,gender,Men,13,92.9
2020,2,Financial Services,outgoing,gender,Women,1,7.1
2020,2,Financial Services,outgoing,appointment,Internal,14,100.0
2020,2,Financial Services,outgoing,appointment,External,0,0.0
2020,2,Financial Services,outgoing,first_timer,Yes,,
2020,2,Financial Services,outgoing,first_timer,No,,
2020,2,Healthcare,incoming,gender,Men,3,75.0
2020,2,Healthcare,incoming,gender,Women,1,25.0
2020,2,Healthcare,incoming,appointment,Internal,4,100.0
2020,2,Healthcare,incoming,appointment,External,0,0.0
2020,2,Healthcare,incoming,first_timer,Yes,,
2020,2,Healthcare,incoming,first_timer,No,,
2020,2,Healthcare,outgoing,gender,Men,2,66.7
2020,2,Healthcare,outgoing,gender,Women,1,33.3
2020,2,Healthcare,outgoing,appointment,Internal,1,33.3
2020,2,Healthcare,outgoing,appointment,External,2,66.7
2020,2,Healthcare,outgoing,first_timer,Yes,,
2020,2,Healthcare,outgoing,first_timer,No,,
2020,2,Industrial,incoming,gender,Men,,
2020,2,Industrial,incoming,gender,Women,,
2020,2,Industrial,incoming,appointment,Internal,,
2020,2,Industrial,incoming,appointment,External,,
2020,2,Industrial,incoming,first_timer,Yes,,
2020,2,Industrial,incoming,first_timer,No,,
2020,2,Industrial,outgoing,gender,Men,,
2020,2,Industrial,outgoing,gender,Women,,
2020,2,Industrial,outgoing,appointment,Internal,,
2020,2,Industrial,outgoing,appointment,External,,
2020,2,Industrial,outgoing,first_timer,Yes,,
2020,2,Industrial,outgoing,first_timer,No,,
2020,2,Technology,incoming,gender,Men,6,85.7
2020,2,Technology,incoming,gender,Women,1,14.3
2020,2,Technology,incoming,appointment,Internal,6,85.7
2020,2,Technology,incoming,appointment,External,1,14.3
2020,2,Technology,incoming,first_timer,Yes,,
2020,2,Technology,incoming,first_timer,No,,
2020,2,Technology,outgoing,gender,Men,7,77.8
2020,2,Technology,outgoing,gender,Women,2,22.2
2020,2,Technology,outgoing,appointment,Internal,8,88.9
2020,2,Technology,outgoing,appointment,External,1,11.1
2020,2,Technology,outgoing,first_timer,Yes,,
2020,2,Technology,outgoing,first_timer,No,,
2020,3,Global,incoming,gender,Men,43,93.5
2020,3,Global,incoming,gender,Women,3,6.5
2020,3,Global,incoming,appointment,Internal,22,47.8
2020,3,Global,incoming,appointment,External,24,52.2
2020,3,Global,incoming,first_timer,Yes,33,71.7
2020,3,Global,incoming,first_timer,No,13,28.3
2020,3,Global,outgoing,gender,Men,30,100
2020,3,Global,outgoing,gender,Women,0,0
2020,3,Global,outgoing,appointment,Internal,17,56.7
2020,3,Global,outgoing,appointment,External,13,43.3
2020,3,Global,outgoing,first_timer,Yes,26,86.7
2020,3,Global,outgoing,first_timer,No,4,13.3
2020,3,Consumer,incoming,gender,Men,9,100.0
2020,3,Consumer,incoming,gender,Women,0,0.0
2020,3,Consumer,incoming,appointment,Internal,7,77.8
2020,3,Consumer,incoming,appointment,External,2,22.2
2020,3,Consumer,incoming,first_timer,Yes,,
2020,3,Consumer,incoming,first_timer,No,,
2020,3,Consumer,outgoing,gender,Men,8,100.0
2020,3,Consumer,outgoing,gender,Women,0,0.0
2020,3,Consumer,outgoing,appointment,Internal,3,37.5
2020,3,Consumer,outgoing,appointment,External,5,62.5
2020,3,Consumer,outgoing,first_timer,Yes,,
2020,3,Consumer,outgoing,first_timer,No,,
2020,3,Financial Services,incoming,gender,Men,8,88.9
2020,3,Financial Services,incoming,gender,Women,1,11.1
2020,3,Financial Services,incoming,appointment,Internal,5,55.6
2020,3,Financial Services,incoming,appointment,External,4,44.4
2020,3,Financial Services,incoming,first_timer,Yes,,
2020,3,Financial Services,incoming,first_timer,No,,
2020,3,Financial Services,outgoing,gender,Men,6,100.0
2020,3,Financial Services,outgoing,gender,Women,0,0.0
2020,3,Financial Services,outgoing,appointment,Internal,4,66.7
2020,3,Financial Services,outgoing,appointment,External,2,33.3
2020,3,Financial Services,outgoing,first_timer,Yes,,
2020,3,Financial Services,outgoing,first_timer,No,,
2020,3,Healthcare,incoming,gender,Men,1,100.0
2020,3,Healthcare,incoming,gender,Women,0,0.0
2020,3,Healthcare,incoming,appointment,Internal,0,0.0
2020,3,Healthcare,incoming,appointment,External,1,100.0
2020,3,Healthcare,incoming,first_timer,Yes,,
2020,3,Healthcare,incoming,first_timer,No,,
2020,3,Healthcare,outgoing,gender,Men,1,100.0
2020,3,Healthcare,outgoing,gender,Women,0,0.0
2020,3,Healthcare,outgoing,appointment,Internal,1,100.0
2020,3,Healthcare,outgoing,appointment,External,0,0.0
2020,3,Healthcare,outgoing,first_timer,Yes,,
2020,3,Healthcare,outgoing,first_timer,No,,
2020,3,Industrial,incoming,gender,Men,,
2020,3,Industrial,incoming,gender,Women,,
2020,3,Industrial,incoming,appointment,Internal,,
2020,3,Industrial,incoming,appointment,External,,
2020,3,Industrial,incoming,first_timer,Yes,,
2020,3,Industrial,incoming,first_timer,No,,
2020,3,Industrial,outgoing,gender,Men,,
2020,3,Industrial,outgoing,gender,Women,,
2020,3,Industrial,outgoing,appointment,Internal,,
2020,3,Industrial,outgoing,appointment,External,,
2020,3,Industrial,outgoing,first_timer,Yes,,
2020,3,Industrial,outgoing,first_timer,No,,
2020,3,Technology,incoming,gender,Men,9,100.0
2020,3,Technology,incoming,gender,Women,0,0.0
2020,3,Technology,incoming,appointment,Internal,3,33.3
2020,3,Technology,incoming,appointment,External,6,66.7
2020,3,Technology,incoming,first_timer,Yes,,
2020,3,Technology,incoming,first_timer,No,,
2020,3,Technology,outgoing,gender,Men,3,100.0
2020,3,Technology,outgoing,gender,Women,0,0.0
2020,3,Technology,outgoing,appointment,Internal,1,33.3
2020,3,Technology,outgoing,appointment,External,2,66.7
2020,3,Technology,outgoing,first_timer,Yes,,
2020,3,Technology,outgoing,first_timer,No,,
2020,4,Global,incoming,gender,Men,34,91.9
2020,4,Global,incoming,gender,Women,3,8.1
2020,4,Global,incoming,appointment,Internal,20,54.1
2020,4,Global,incoming,appointment,External,17,45.9
2020,4,Global,incoming,first_timer,Yes,33,89.2
2020,4,Global,incoming,first_timer,No,4,10.8
2020,4,Global,outgoing,gender,Men,38,97.4
2020,4,Global,outgoing,gender,Women,1,2.6
2020,4,Global,outgoing,appointment,Internal,30,76.9
2020,4,Global,outgoing,appointment,External,9,23.1
2020,4,Global,outgoing,first_timer,Yes,34,87.2
2020,4,Global,outgoing,first_timer,No,5,12.8
2020,4,Consumer,incoming,gender,Men,5,83.3
2020,4,Consumer,incoming,gender,Women,1,16.7
2020,4,Consumer,incoming,appointment,Internal,3,50.0
2020,4,Consumer,incoming,appointment,External,3,50.0
2020,4,Consumer,incoming,first_timer,Yes,,
2020,4,Consumer,incoming,first_timer,No,,
2020,4,Consumer,outgoing,gender,Men,4,100.0
2020,4,Consumer,outgoing,gender,Women,0,0.0
2020,4,Consumer,outgoing,appointment,Internal,3,75.0
2020,4,Consumer,outgoing,appointment,External,1,25.0
2020,4,Consumer,outgoing,first_timer,Yes,,
2020,4,Consumer,outgoing,first_timer,No,,
2020,4,Financial Services,incoming,gender,Men,5,71.4
2020,4,Financial Services,incoming,gender,Women,2,28.6
2020,4,Financial Services,incoming,appointment,Internal,5,71.4
2020,4,Financial Services,incoming,appointment,External,2,28.6
2020,4,Financial Services,incoming,first_timer,Yes,,
2020,4,Financial Services,incoming,first_timer,No,,
2020,4,Financial Services,outgoing,gender,Men,11,100.0
2020,4,Financial Services,outgoing,gender,Women,0,0.0
2020,4,Financial Services,outgoing,appointment,Internal,7,63.6
2020,4,Financial Services,outgoing,appointment,External,4,36.4
2020,4,Financial Services,outgoing,first_timer,Yes,,
2020,4,Financial Services,outgoing,first_timer,No,,
2020,4,Healthcare,incoming,gender,Men,4,100.0
2020,4,Healthcare,incoming,gender,Women,0,0.0
2020,4,Healthcare,incoming,appointment,Internal,2,50.0
2020,4,Healthcare,incoming,appointment,External,2,50.0
2020,4,Healthcare,incoming,first_timer,Yes,,
2020,4,Healthcare,incoming,first_timer,No,,
2020,4,Healthcare,outgoing,gender,Men,,
2020,4,Healthcare,outgoing,gender,Women,,
2020,4,Healthcare,outgoing,appointment,Internal,,
2020,4,Healthcare,outgoing,appointment,External,,
2020,4,Healthcare,outgoing,first_timer,Yes,,
2020,4,Healthcare,outgoing,first_timer,No,,
2020,4,Industrial,incoming,gender,Men,,
2020,4,Industrial,incoming,gender,Women,,
2020,4,Industrial,incoming,appointment,Internal,,
2020,4,Industrial,incoming,appointment,External,,
2020,4,Industrial,incoming,first_timer,Yes,,
2020,4,Industrial,incoming,first_timer,No,,
2020,4,Industrial,outgoing,gender,Men,,
2020,4,Industrial,outgoing,gender,Women,,
2020,4,Industrial,outgoing,appointment,Internal,,
2020,4,Industrial,outgoing,appointment,External,,
2020,4,Industrial,outgoing,first_timer,Yes,,
2020,4,Industrial,outgoing,first_timer,No,,
2020,4,Technology,incoming,gender,Men,1,100.0
2020,4,Technology,incoming,gender,Women,0,0.0
2020,4,Technology,incoming,appointment,Internal,0,0.0
2020,4,Technology,incoming,appointment,External,1,100.0
2020,4,Technology,incoming,first_timer,Yes,,
2020,4,Technology,incoming,first_timer,No,,
2020,4,Technology,outgoing,gender,Men,2,100.0
2020,4,Technology,outgoing,gender,Women,0,0.0
2020,4,Technology,outgoing,appointment,Internal,2,100.0
2020,4,Technology,outgoing,appointment,External,0,0.0
2020,4,Technology,outgoing,first_timer,Yes,,
2020,4,Technology,outgoing,first_timer,No,,
2021,1,Global,incoming,gender,Men,59,85.5
2021,1,Global,incoming,gender,Women,10,14.5
2021,1,Global,incoming,appointment,Internal,47,68.1
2021,1,Global,incoming,appointment,External,22,31.9
2021,1,Global,incoming,first_timer,Yes,58,84.1
2021,1,Global,incoming,first_timer,No,11,15.9
2021,1,Global,outgoing,gender,Men,51,96.2
2021,1,Global,outgoing,gender,Women,2,3.8
2021,1,Global,outgoing,appointment,Internal,42,79.2
2021,1,Global,outgoing,appointment,External,11,20.8
2021,1,Global,outgoing,first_timer,Yes,45,84.9
2021,1,Global,outgoing,first_timer,No,8,15.1
2021,1,Consumer,incoming,gender,Men,18,78.3
2021,1,Consumer,incoming,gender,Women,5,21.7
2021,1,Consumer,incoming,appointment,Internal,18,78.3
2021,1,Consumer,incoming,appointment,External,5,21.7
2021,1,Consumer,incoming,first_timer,Yes,,
2021,1,Consumer,incoming,first_timer,No,,
2021,1,Consumer,outgoing,gender,Men,14,93.3
2021,1,Consumer,outgoing,gender,Women,1,6.7
2021,1,Consumer,outgoing,appointment,Internal,10,66.7
2021,1,Consumer,outgoing,appointment,External,5,33.3
2021,1,Consumer,outgoing,first_timer,Yes,,
2021,1,Consumer,outgoing,first_timer,No,,
2021,1,Financial Services,incoming,gender,Men,7,70.0
2021,1,Financial Services,incoming,gender,Women,3,30.0
2021,1,Financial Services,incoming,appointment,Internal,9,90.0
2021,1,Financial Services,incoming,appointment,External,1,10.0
2021,1,Financial Services,incoming,first_timer,Yes,,
2021,1,Financial Services,incoming,first_timer,No,,
2021,1,Financial Services,outgoing,gender,Men,9,100.0
2021,1,Financial Services,outgoing,gender,Women,0,0.0
2021,1,Financial Services,outgoing,appointment,Internal,7,77.8
2021,1,Financial Services,outgoing,appointment,External,2,22.2
2021,1,Financial Services,outgoing,first_timer,Yes,,
2021,1,Financial Services,outgoing,first_timer,No,,
2021,1,Healthcare,incoming,gender,Men,2,100.0
2021,1,Healthcare,incoming,gender,Women,0,0.0
2021,1,Healthcare,incoming,appointment,Internal,2,100.0
2021,1,Healthcare,incoming,appointment,External,0,0.0
2021,1,Healthcare,incoming,first_timer,Yes,,
2021,1,Healthcare,incoming,first_timer,No,,
2021,1,Healthcare,outgoing,gender,Men,2,100.0
2021,1,Healthcare,outgoing,gender,Women,0,0.0
2021,1,Healthcare,outgoing,appointment,Internal,2,100.0
2021,1,Healthcare,outgoing,appointment,External,0,0.0
2021,1,Healthcare,outgoing,first_timer,Yes,,
2021,1,Healthcare,outgoing,first_timer,No,,
2021,1,Industrial,incoming,gender,Men,,
2021,1,Industrial,incoming,gender,Women,,
2021,1,Industrial,incoming,appointment,Internal,,
2021,1,Industrial,incoming,appointment,External,,
2021,1,Industrial,incoming,first_timer,Yes,,
2021,1,Industrial,incoming,first_timer,No,,
2021,1,Industrial,outgoing,gender,Men,,
2021,1,Industrial,outgoing,gender,Women,,
2021,1,Industrial,outgoing,appointment,Internal,,
2021,1,Industrial,outgoing,appointment,External,,
2021,1,Industrial,outgoing,first_timer,Yes,,
2021,1,Industrial,outgoing,first_timer,No,,
2021,1,Technology,incoming,gender,Men,7,100.0
2021,1,Technology,incoming,gender,Women,0,0.0
2021,1,Technology,incoming,appointment,Internal,4,57.1
2021,1,Technology,incoming,appointment,External,3,42.9
2021,1,Technology,incoming,first_timer,Yes,,
2021,1,Technology,incoming,first_timer,No,,
2021,1,Technology,outgoing,gender,Men,3,75.0
2021,1,Technology,outgoing,gender,Women,1,25.0
2021,1,Technology,outgoing,appointment,Internal,2,50.0
2021,1,Technology,outgoing,appointment,External,2,50.0
2021,1,Technology,outgoing,first_timer,Yes,,
2021,1,Technology,outgoing,first_timer,No,,
2021,2,Global,incoming,gender,Men,55,93.2
2021,2,Global,incoming,gender,Women,4,6.8
2021,2,Global,incoming,appointment,Internal,44,74.6
2021,2,Global,incoming,appointment,External,15,25.4
2021,2,Global,incoming,first_timer,Yes,51,86.4
2021,2,Global,incoming,first_timer,No,8,13.6
2021,2,Global,outgoing,gender,Men,54,96.4
2021,2,Global,outgoing,gender,Women,2,3.6
2021,2,Global,outgoing,appointment,Internal,39,69.6
2021,2,Global,outgoing,appointment,External,17,30.4
2021,2,Global,outgoing,first_timer,Yes,54,96.4
2021,2,Global,outgoing,first_timer,No,2,3.6
2021,2,Consumer,incoming,gender,Men,10,100.0
2021,2,Consumer,incoming,gender,Women,0,0.0
2021,2,Consumer,incoming,appointment,Internal,7,70.0
2021,2,Consumer,incoming,appointment,External,3,30.0
2021,2,Consumer,incoming,first_timer,Yes,,
2021,2,Consumer,incoming,first_timer,No,,
2021,2,Consumer,outgoing,gender,Men,8,88.9
2021,2,Consumer,outgoing,gender,Women,1,11.1
2021,2,Consumer,outgoing,appointment,Internal,8,88.9
2021,2,Consumer,outgoing,appointment,External,1,11.1
2021,2,Consumer,outgoing,first_timer,Yes,,
2021,2,Consumer,outgoing,first_timer,No,,
2021,2,Financial Services,incoming,gender,Men,7,77.8
2021,2,Financial Services,incoming,gender,Women,2,22.2
2021,2,Financial Services,incoming,appointment,Internal,7,77.8
2021,2,Financial Services,incoming,appointment,External,2,22.2
2021,2,Financial Services,incoming,first_timer,Yes,,
2021,2,Financial Services,incoming,first_timer,No,,
2021,2,Financial Services,outgoing,gender,Men,7,87.5
2021,2,Financial Services,outgoing,gender,Women,1,12.5
2021,2,Financial Services,outgoing,appointment,Internal,3,37.5
2021,2,Financial Services,outgoing,appointment,External,5,62.5
2021,2,Financial Services,outgoing,first_timer,Yes,,
2021,2,Financial Services,outgoing,first_timer,No,,
2021,2,Healthcare,incoming,gender,Men,2,66.7
2021,2,Healthcare,incoming,gender,Women,1,33.3
2021,2,Healthcare,incoming,appointment,Internal,2,66.7
2021,2,Healthcare,incoming,appointment,External,1,33.3
2021,2,Healthcare,incoming,first_timer,Yes,,
2021,2,Healthcare,incoming,first_timer,No,,
2021,2,Healthcare,outgoing,gender,Men,3,100.0
2021,2,Healthcare,outgoing,gender,Women,0,0.0
2021,2,Healthcare,outgoing,appointment,Internal,2,66.7
2021,2,Healthcare,outgoing,appointment,External,1,33.3
2021,2,Healthcare,outgoing,first_timer,Yes,,
2021,2,Healthcare,outgoing,first_timer,No,,
2021,2,Industrial,incoming,gender,Men,,
2021,2,Industrial,incoming,gender,Women,,
2021,2,Industrial,incoming,appointment,Internal,,
2021,2,Industrial,incoming,appointment,External,,
2021,2,Industrial,incoming,first_timer,Yes,,
2021,2,Industrial,incoming,first_timer,No,,
2021,2,Industrial,outgoing,gender,Men,,
2021,2,Industrial,outgoing,gender,Women,,
2021,2,Industrial,outgoing,appointment,Internal,,
2021,2,Industrial,outgoing,appointment,External,,
2021,2,Industrial,outgoing,first_timer,Yes,,
2021,2,Industrial,outgoing,first_timer,No,,
2021,2,Technology,incoming,gender,Men,8,88.9
2021,2,Technology,incoming,gender,Women,1,11.1
2021,2,Technology,incoming,appointment,Internal,7,77.8
2021,2,Technology,incoming,appointment,External,2,22.2
2021,2,Technology,incoming,first_timer,Yes,,
2021,2,Technology,incoming,first_timer,No,,
2021,2,Technology,outgoing,gender,Men,9,100.0
2021,2,Technology,outgoing,gender,Women,0,0.0
2021,2,Technology,outgoing,appointment,Internal,7,77.8
2021,2,Technology,outgoing,appointment,External,2,22.2
2021,2,Technology,outgoing,first_timer,Yes,,
2021,2,Technology,outgoing,first_timer,No,,
2021,3,Global,incoming,gender,Men,30,90.9
2021,3,Global,incoming,gender,Women,3,9.1
2021,3,Global,incoming,appointment,Internal,21,63.6
2021,3,Global,incoming,appointment,External,12,36.4
2021,3,Global,incoming,first_timer,Yes,27,81.8
2021,3,Global,incoming,first_timer,No,6,18.2
2021,3,Global,outgoing,gender,Men,25,100
2021,3,Global,outgoing,gender,Women,0,0
2021,3,Global,outgoing,appointment,Internal,21,84.0
2021,3,Global,outgoing,appointment,External,4,16.0
2021,3,Global,outgoing,first_timer,Yes,24,96.0
2021,3,Global,outgoing,first_timer,No,1,4.0
2021,3,Consumer,incoming,gender,Men,9,100.0
2021,3,Consumer,incoming,gender,Women,0,0.0
2021,3,Consumer,incoming,appointment,Internal,6,66.7
2021,3,Consumer,incoming,appointment,External,3,33.3
2021,3,Consumer,incoming,first_timer,Yes,,
2021,3,Consumer,incoming,first_timer,No,,
2021,3,Consumer,outgoing,gender,Men,9,90.0
2021,3,Consumer,outgoing,gender,Women,1,10.0
2021,3,Consumer,outgoing,appointment,Internal,9,90.0
2021,3,Consumer,outgoing,appointment,External,1,10.0
2021,3,Consumer,outgoing,first_timer,Yes,,
2021,3,Consumer,outgoing,first_timer,No,,
2021,3,Financial Services,incoming,gender,Men,7,77.8
2021,3,Financial Services,incoming,gender,Women,2,22.2
2021,3,Financial Services,incoming,appointment,Internal,3,33.3
2021,3,Financial Services,incoming,appointment,External,6,66.7
2021,3,Financial Services,incoming,first_timer,Yes,,
2021,3,Financial Services,incoming,first_timer,No,,
2021,3,Financial Services,outgoing,gender,Men,2,100.0
2021,3,Financial Services,outgoing,gender,Women,0,0.0
2021,3,Financial Services,outgoing,appointment,Internal,2,100.0
2021,3,Financial Services,outgoing,appointment,External,0,0.0
2021,3,Financial Services,outgoing,first_timer,Yes,,
2021,3,Financial Services,outgoing,first_timer,No,,
2021,3,Healthcare,incoming,gender,Men,3,100.0
2021,3,Healthcare,incoming,gender,Women,0,0.0
2021,3,Healthcare,incoming,appointment,Internal,3,100.0
2021,3,Healthcare,incoming,appointment,External,0,0.0
2021,3,Healthcare,incoming,first_timer,Yes,,
2021,3,Healthcare,incoming,first_timer,No,,
2021,3,Healthcare,outgoing,gender,Men,1,100.0
2021,3,Healthcare,outgoing,gender,Women,0,0.0
2021,3,Healthcare,outgoing,appointment,Internal,0,0.0
2021,3,Healthcare,outgoing,appointment,External,1,100.0
2021,3,Healthcare,outgoing,first_timer,Yes,,
2021,3,Healthcare,outgoing,first_timer,No,,
2021,3,Industrial,incoming,gender,Men,,
2021,3,Industrial,incoming,gender,Women,,
2021,3,Industrial,incoming,appointment,Internal,,
2021,3,Industrial,incoming,appointment,External,,
2021,3,Industrial,incoming,first_timer,Yes,,
2021,3,Industrial,incoming,first_timer,No,,
2021,3,Industrial,outgoing,gender,Men,,
2021,3,Industrial,outgoing,gender,Women,,
2021,3,Industrial,outgoing,appointment,Internal,,
2021,3,Industrial,outgoing,appointment,External,,
2021,3,Industrial,outgoing,first_timer,Yes,,
2021,3,Industrial,outgoing,first_timer,No,,
2021,3,Technology,incoming,gender,Men,2,100.0
2021,3,Technology,incoming,gender,Women,0,0.0
2021,3,Technology,incoming,appointment,Internal,1,50.0
2021,3,Technology,incoming,appointment,External,1,50.0
2021,3,Technology,incoming,first_timer,Yes,,
2021,3,Technology,incoming,first_timer,No,,
2021,3,Technology,outgoing,gender,Men,2,100.0
2021,3,Technology,outgoing,gender,Women,0,0.0
2021,3,Technology,outgoing,appointment,Internal,1,50.0
2021,3,Technology,outgoing,appointment,External,1,50.0
2021,3,Technology,outgoing,first_timer,Yes,,
2021,3,Technology,outgoing,first_timer,No,,
2021,4,Global,incoming,gender,Men,26,100
2021,4,Global,incoming,gender,Women,0,0
2021,4,Global,incoming,appointment,Internal,16,61.5
2021,4,Global,incoming,appointment,External,10,38.5
2021,4,Global,incoming,first_timer,Yes,20,76.9
2021,4,Global,incoming,first_timer,No,6,23.1
2021,4,Global,outgoing,gender,Men,31,96.9
2021,4,Global,outgoing,gender,Women,1,3.1
2021,4,Global,outgoing,appointment,Internal,25,78.1
2021,4,Global,outgoing,appointment,External,7,21.9
2021,4,Global,outgoing,first_timer,Yes,31,96.9
2021,4,Global,outgoing,first_timer,No,1,3.1
2021,4,Consumer,incoming,gender,Men,4,100.0
2021,4,Consumer,incoming,gender,Women,0,0.0
2021,4,Consumer,incoming,appointment,Internal,2,50.0
2021,4,Consumer,incoming,appointment,External,2,50.0
2021,4,Consumer,incoming,first_timer,Yes,,
2021,4,Consumer,incoming,first_timer,No,,
2021,4,Consumer,outgoing,gender,Men,9,100.0
2021,4,Consumer,outgoing,gender,Women,0,0.0
2021,4,Consumer,outgoing,appointment,Internal,7,77.8
2021,4,Consumer,outgoing,appointment,External,2,22.2
2021,4,Consumer,outgoing,first_timer,Yes,,
2021,4,Consumer,outgoing,first_timer,No,,
2021,4,Financial Services,incoming,gender,Men,6,100.0
2021,4,Financial Services,incoming,gender,Women,0,0.0
2021,4,Financial Services,incoming,appointment,Internal,4,66.7
2021,4,Financial Services,incoming,appointment,External,2,33.3
2021,4,Financial Services,incoming,first_timer,Yes,,
2021,4,Financial Services,incoming,first_timer,No,,
2021,4,Financial Services,outgoing,gender,Men,7,87.5
2021,4,Financial Services,outgoing,gender,Women,1,12.5
2021,4,Financial Services,outgoing,appointment,Internal,7,87.5
2021,4,Financial Services,outgoing,appointment,External,1,12.5
2021,4,Financial Services,outgoing,first_timer,Yes,,
2021,4,Financial Services,outgoing,first_timer,No,,
2021,4,Healthcare,incoming,gender,Men,,
2021,4,Healthcare,incoming,gender,Women,,
2021,4,Healthcare,incoming,appointment,Internal,,
2021,4,Healthcare,incoming,appointment,External,,
2021,4,Healthcare,incoming,first_timer,Yes,,
2021,4,Healthcare,incoming,first_timer,No,,
2021,4,Healthcare,outgoing,gender,Men,,
2021,4,Healthcare,outgoing,gender,Women,,
2021,4,Healthcare,outgoing,appointment,Internal,,
2021,4,Healthcare,outgoing,appointment,External,,
2021,4,Healthcare,outgoing,first_timer,Yes,,
2021,4,Healthcare,outgoing,first_timer,No,,
2021,4,Industrial,incoming,gender,Men,,
2021,4,Industrial,incoming,gender,Women,,
2021,4,Industrial,incoming,appointment,Internal,,
2021,4,Industrial,incoming,appointment,External,,
2021,4,Industrial,incoming,first_timer,Yes,,
2021,4,Industrial,incoming,first_timer,No,,
2021,4,Industrial,outgoing,gender,Men,,
2021,4,Industrial,outgoing,gender,Women,,
2021,4,Industrial,outgoing,appointment,Internal,,
2021,4,Industrial,outgoing,appointment,External,,
2021,4,Industrial,outgoing,first_timer,Yes,,
2021,4,Industrial,outgoing,first_timer,No,,
2021,4,Technology,incoming,gender,Men,7,100.0
2021,4,Technology,incoming,gender,Women,0,0.0
2021,4,Technology,incoming,appointment,Internal,5,71.4
2021,4,Technology,incoming,appointment,External,2,28.6
2021,4,Technology,incoming,first_timer,Yes,,
2021,4,Technology,incoming,first_timer,No,,
2021,4,Technology,outgoing,gender,Men,2,100.0
2021,4,Technology,outgoing,gender,Women,0,0.0
2021,4,Technology,outgoing,appointment,Internal,2,100.0
2021,4,Technology,outgoing,appointment,External,0,0.0
2021,4,Technology,outgoing,first_timer,Yes,,
2021,4,Technology,outgoing,first_timer,No,,
2022,1,Global,incoming,gender,Men,51,86.4
2022,1,Global,incoming,gender,Women,8,13.6
2022,1,Global,incoming,appointment,Internal,42,71.2
2022,1,Global,incoming,appointment,External,17,28.8
2022,1,Global,incoming,first_timer,Yes,53,89.8
2022,1,Global,incoming,first_timer,No,6,10.2
2022,1,Global,outgoing,gender,Men,45,97.8
2022,1,Global,outgoing,gender,Women,1,2.2
2022,1,Global,outgoing,appointment,Internal,36,78.3
2022,1,Global,outgoing,appointment,External,10,21.7
2022,1,Global,outgoing,first_timer,Yes,39,84.8
2022,1,Global,outgoing,first_timer,No,7,15.2
2022,1,Consumer,incoming,gender,Men,12,85.7
2022,1,Consumer,incoming,gender,Women,2,14.3
2022,1,Consumer,incoming,appointment,Internal,11,78.6
2022,1,Consumer,incoming,appointment,External,3,21.4
2022,1,Consumer,incoming,first_timer,Yes,,
2022,1,Consumer,incoming,first_timer,No,,
2022,1,Consumer,outgoing,gender,Men,9,100.0
2022,1,Consumer,outgoing,gender,Women,0,0.0
2022,1,Consumer,outgoing,appointment,Internal,7,77.8
2022,1,Consumer,outgoing,appointment,External,2,22.2
2022,1,Consumer,outgoing,first_timer,Yes,,
2022,1,Consumer,outgoing,first_timer,No,,
2022,1,Financial Services,incoming,gender,Men,11,84.6
2022,1,Financial Services,incoming,gender,Women,2,15.4
2022,1,Financial Services,incoming,appointment,Internal,11,84.6
2022,1,Financial Services,incoming,appointment,External,2,15.4
2022,1,Financial Services,incoming,first_timer,Yes,,
2022,1,Financial Services,incoming,first_timer,No,,
2022,1,Financial Services,outgoing,gender,Men,7,87.5
2022,1,Financial Services,outgoing,gender,Women,1,12.5
2022,1,Financial Services,outgoing,appointment,Internal,6,75.0
2022,1,Financial Services,outgoing,appointment,External,2,25.0
2022,1,Financial Services,outgoing,first_timer,Yes,,
2022,1,Financial Services,outgoing,first_timer,No,,
2022,1,Healthcare,incoming,gender,Men,1,100.0
2022,1,Healthcare,incoming,gender,Women,0,0.0
2022,1,Healthcare,incoming,appointment,Internal,1,100.0
2022,1,Healthcare,incoming,appointment,External,0,0.0
2022,1,Healthcare,incoming,first_timer,Yes,,
2022,1,Healthcare,incoming,first_timer,No,,
2022,1,Healthcare,outgoing,gender,Men,2,100.0
2022,1,Healthcare,outgoing,gender,Women,0,0.0
2022,1,Healthcare,outgoing,appointment,Internal,1,50.0
2022,1,Healthcare,outgoing,appointment,External,1,50.0
2022,1,Healthcare,outgoing,first_timer,Yes,,
2022,1,Healthcare,outgoing,first_timer,No,,
2022,1,Industrial,incoming,gender,Men,,
2022,1,Industrial,incoming,gender,Women,,
2022,1,Industrial,incoming,appointment,Internal,,
2022,1,Industrial,incoming,appointment,External,,
2022,1,Industrial,incoming,first_timer,Yes,,
2022,1,Industrial,incoming,first_timer,No,,
2022,1,Industrial,outgoing,gender,Men,,
2022,1,Industrial,outgoing,gender,Women,,
2022,1,Industrial,outgoing,appointment,Internal,,
2022,1,Industrial,outgoing,appointment,External,,
2022,1,Industrial,outgoing,first_timer,Yes,,
2022,1,Industrial,outgoing,first_timer,No,,
2022,1,Technology,incoming,gender,Men,3,75.0
2022,1,Technology,incoming,gender,Women,1,25.0
2022,1,Technology,incoming,appointment,Internal,4,100.0
2022,1,Technology,incoming,appointment,External,0,0.0
2022,1,Technology,incoming,first_timer,Yes,,
2022,1,Technology,incoming,first_timer,No,,
2022,1,Technology,outgoing,gender,Men,4,100.0
2022,1,Technology,outgoing,gender,Women,0,0.0
2022,1,Technology,outgoing,appointment,Internal,2,50.0
2022,1,Technology,outgoing,appointment,External,2,50.0
2022,1,Technology,outgoing,first_timer,Yes,,
2022,1,Technology,outgoing,first_timer,No,,
2022,2,Global,incoming,gender,Men,53,84.1
2022,2,Global,incoming,gender,Women,10,15.9
2022,2,Global,incoming,appointment,Internal,49,77.8
2022,2,Global,incoming,appointment,External,14,22.2
2022,2,Global,incoming,first_timer,Yes,59,93.7
2022,2,Global,incoming,first_timer,No,4,6.3
2022,2,Global,outgoing,gender,Men,63,96.9
2022,2,Global,outgoing,gender,Women,2,3.1
2022,2,Global,outgoing,appointment,Internal,45,69.2
2022,2,Global,outgoing,appointment,External,20,30.8
2022,2,Global,outgoing,first_timer,Yes,58,89.2
2022,2,Global,outgoing,first_timer,No,7,10.8
2022,2,Consumer,incoming,gender,Men,9,64.3
2022,2,Consumer,incoming,gender,Women,5,35.7
2022,2,Consumer,incoming,appointment,Internal,12,85.7
2022,2,Consumer,incoming,appointment,External,2,14.3
2022,2,Consumer,incoming,first_timer,Yes,,
2022,2,Consumer,incoming,first_timer,No,,
2022,2,Consumer,outgoing,gender,Men,12,100.0
2022,2,Consumer,outgoing,gender,Women,0,0.0
2022,2,Consumer,outgoing,appointment,Internal,11,91.7
2022,2,Consumer,outgoing,appointment,External,1,8.3
2022,2,Consumer,outgoing,first_timer,Yes,,
2022,2,Consumer,outgoing,first_timer,No,,
2022,2,Financial Services,incoming,gender,Men,5,83.3
2022,2,Financial Services,incoming,gender,Women,1,16.7
2022,2,Financial Services,incoming,appointment,Internal,5,83.3
2022,2,Financial Services,incoming,appointment,External,1,16.7
2022,2,Financial Services,incoming,first_timer,Yes,,
2022,2,Financial Services,incoming,first_timer,No,,
2022,2,Financial Services,outgoing,gender,Men,7,87.5
2022,2,Financial Services,outgoing,gender,Women,1,12.5
2022,2,Financial Services,outgoing,appointment,Internal,3,37.5
2022,2,Financial Services,outgoing,appointment,External,5,62.5
2022,2,Financial Services,outgoing,first_timer,Yes,,
2022,2,Financial Services,outgoing,first_timer,No,,
2022,2,Healthcare,incoming,gender,Men,4,100.0
2022,2,Healthcare,incoming,gender,Women,0,0.0
2022,2,Healthcare,incoming,appointment,Internal,3,75.0
2022,2,Healthcare,incoming,appointment,External,1,25.0
2022,2,Healthcare,incoming,first_timer,Yes,,
2022,2,Healthcare,incoming,first_timer,No,,
2022,2,Healthcare,outgoing,gender,Men,5,100.0
2022,2,Healthcare,outgoing,gender,Women,0,0.0
2022,2,Healthcare,outgoing,appointment,Internal,2,40.0
2022,2,Healthcare,outgoing,appointment,External,3,60.0
2022,2,Healthcare,outgoing,first_timer,Yes,,
2022,2,Healthcare,outgoing,first_timer,No,,
2022,2,Industrial,incoming,gender,Men,,
2022,2,Industrial,incoming,gender,Women,,
2022,2,Industrial,incoming,appointment,Internal,,
2022,2,Industrial,incoming,appointment,External,,
2022,2,Industrial,incoming,first_timer,Yes,,
2022,2,Industrial,incoming,first_timer,No,,
2022,2,Industrial,outgoing,gender,Men,,
2022,2,Industrial,outgoing,gender,Women,,
2022,2,Industrial,outgoing,appointment,Internal,,
2022,2,Industrial,outgoing,appointment,External,,
2022,2,Industrial,outgoing,first_timer,Yes,,
2022,2,Industrial,outgoing,first_timer,No,,
2022,2,Technology,incoming,gender,Men,8,80.0
2022,2,Technology,incoming,gender,Women,2,20.0
2022,2,Technology,incoming,appointment,Internal,9,90.0
2022,2,Technology,incoming,appointment,External,1,10.0
2022,2,Technology,incoming,first_timer,Yes,,
2022,2,Technology,incoming,first_timer,No,,
2022,2,Technology,outgoing,gender,Men,11,91.7
2022,2,Technology,outgoing,gender,Women,1,8.3
2022,2,Technology,outgoing,appointment,Internal,8,66.7
2022,2,Technology,outgoing,appointment,External,4,33.3
2022,2,Technology,outgoing,first_timer,Yes,,
2022,2,Technology,outgoing,first_timer,No,,
2022,3,Global,incoming,gender,Men,34,87.2
2022,3,Global,incoming,gender,Women,5,12.8
2022,3,Global,incoming,appointment,Internal,27,69.2
2022,3,Global,incoming,appointment,External,12,30.8
2022,3,Global,incoming,first_timer,Yes,35,89.7
2022,3,Global,incoming,first_timer,No,4,10.3
2022,3,Global,outgoing,gender,Men,39,97.5
2022,3,Global,outgoing,gender,Women,1,2.5
2022,3,Global,outgoing,appointment,Internal,26,65.0
2022,3,Global,outgoing,appointment,External,14,35.0
2022,3,Global,outgoing,first_timer,Yes,33,82.5
2022,3,Global,outgoing,first_timer,No,7,17.5
2022,3,Consumer,incoming,gender,Men,6,100.0
2022,3,Consumer,incoming,gender,Women,0,0.0
2022,3,Consumer,incoming,appointment,Internal,4,66.7
2022,3,Consumer,incoming,appointment,External,2,33.3
2022,3,Consumer,incoming,first_timer,Yes,,
2022,3,Consumer,incoming,first_timer,No,,
2022,3,Consumer,outgoing,gender,Men,7,100.0
2022,3,Consumer,outgoing,gender,Women,0,0.0
2022,3,Consumer,outgoing,appointment,Internal,2,28.6
2022,3,Consumer,outgoing,appointment,External,5,71.4
2022,3,Consumer,outgoing,first_timer,Yes,,
2022,3,Consumer,outgoing,first_timer,No,,
2022,3,Financial Services,incoming,gender,Men,6,85.7
2022,3,Financial Services,incoming,gender,Women,1,14.3
2022,3,Financial Services,incoming,appointment,Internal,6,85.7
2022,3,Financial Services,incoming,appointment,External,1,14.3
2022,3,Financial Services,incoming,first_timer,Yes,,
2022,3,Financial Services,incoming,first_timer,No,,
2022,3,Financial Services,outgoing,gender,Men,6,100.0
2022,3,Financial Services,outgoing,gender,Women,0,0.0
2022,3,Financial Services,outgoing,appointment,Internal,5,83.3
2022,3,Financial Services,outgoing,appointment,External,1,16.7
2022,3,Financial Services,outgoing,first_timer,Yes,,
2022,3,Financial Services,outgoing,first_timer,No,,
2022,3,Healthcare,incoming,gender,Men,6,100.0
2022,3,Healthcare,incoming,gender,Women,0,0.0
2022,3,Healthcare,incoming,appointment,Internal,3,50.0
2022,3,Healthcare,incoming,appointment,External,3,50.0
2022,3,Healthcare,incoming,first_timer,Yes,,
2022,3,Healthcare,incoming,first_timer,No,,
2022,3,Healthcare,outgoing,gender,Men,5,100.0
2022,3,Healthcare,outgoing,gender,Women,0,0.0
2022,3,Healthcare,outgoing,appointment,Internal,3,60.0
2022,3,Healthcare,outgoing,appointment,External,2,40.0
2022,3,Healthcare,outgoing,first_timer,Yes,,
2022,3,Healthcare,outgoing,first_timer,No,,
2022,3,Industrial,incoming,gender,Men,,
2022,3,Industrial,incoming,gender,Women,,
2022,3,Industrial,incoming,appointment,Internal,,
2022,3,Industrial,incoming,appointment,External,,
2022,3,Industrial,incoming,first_timer,Yes,,
2022,3,Industrial,incoming,first_timer,No,,
2022,3,Industrial,outgoing,gender,Men,,
2022,3,Industrial,outgoing,gender,Women,,
2022,3,Industrial,outgoing,appointment,Internal,,
2022,3,Industrial,outgoing,appointment,External,,
2022,3,Industrial,outgoing,first_timer,Yes,,
2022,3,Industrial,outgoing,first_timer,No,,
2022,3,Technology,incoming,gender,Men,1,50.0
2022,3,Technology,incoming,gender,Women,1,50.0
2022,3,Technology,incoming,appointment,Internal,1,50.0
2022,3,Technology,incoming,appointment,External,1,50.0
2022,3,Technology,incoming,first_timer,Yes,,
2022,3,Technology,incoming,first_timer,No,,
2022,3,Technology,outgoing,gender,Men,2,100.0
2022,3,Technology,outgoing,gender,Women,0,0.0
2022,3,Technology,outgoing,appointment,Internal,1,50.0
2022,3,Technology,outgoing,appointment,External,1,50.0
2022,3,Technology,outgoing,first_timer,Yes,,
2022,3,Technology,outgoing,first_timer,No,,
2022,4,Global,incoming,gender,Men,31,93.9
2022,4,Global,incoming,gender,Women,2,6.1
2022,4,Global,incoming,appointment,Internal,21,63.6
2022,4,Global,incoming,appointment,External,12,36.4
2022,4,Global,incoming,first_timer,Yes,24,72.7
2022,4,Global,incoming,first_timer,No,9,27.3
2022,4,Global,outgoing,gender,Men,49,98.0
2022,4,Global,outgoing,gender,Women,1,2.0
2022,4,Global,outgoing,appointment,Internal,28,56.0
2022,4,Global,outgoing,appointment,External,22,44.0
2022,4,Global,outgoing,first_timer,Yes,43,86.0
2022,4,Global,outgoing,first_timer,No,7,14.0
2022,4,Consumer,incoming,gender,Men,5,83.3
2022,4,Consumer,incoming,gender,Women,1,16.7
2022,4,Consumer,incoming,appointment,Internal,4,66.7
2022,4,Consumer,incoming,appointment,External,2,33.3
2022,4,Consumer,incoming,first_timer,Yes,,
2022,4,Consumer,incoming,first_timer,No,,
2022,4,Consumer,outgoing,gender,Men,7,100.0
2022,4,Consumer,outgoing,gender,Women,0,0.0
2022,4,Consumer,outgoing,appointment,Internal,5,71.4
2022,4,Consumer,outgoing,appointment,External,2,28.6
2022,4,Consumer,outgoing,first_timer,Yes,,
2022,4,Consumer,outgoing,first_timer,No,,
2022,4,Financial Services,incoming,gender,Men,9,100.0
2022,4,Financial Services,incoming,gender,Women,0,0.0
2022,4,Financial Services,incoming,appointment,Internal,7,77.8
2022,4,Financial Services,incoming,appointment,External,2,22.2
2022,4,Financial Services,incoming,first_timer,Yes,,
2022,4,Financial Services,incoming,first_timer,No,,
2022,4,Financial Services,outgoing,gender,Men,12,100.0
2022,4,Financial Services,outgoing,gender,Women,0,0.0
2022,4,Financial Services,outgoing,appointment,Internal,7,58.3
2022,4,Financial Services,outgoing,appointment,External,5,41.7
2022,4,Financial Services,outgoing,first_timer,Yes,,
2022,4,Financial Services,outgoing,first_timer,No,,
2022,4,Healthcare,incoming,gender,Men,3,100.0
2022,4,Healthcare,incoming,gender,Women,0,0.0
2022,4,Healthcare,incoming,appointment,Internal,2,66.7
2022,4,Healthcare,incoming,appointment,External,1,33.3
2022,4,Healthcare,incoming,first_timer,Yes,,
2022,4,Healthcare,incoming,first_timer,No,,
2022,4,Healthcare,outgoing,gender,Men,1,50.0
2022,4,Healthcare,outgoing,gender,Women,1,50.0
2022,4,Healthcare,outgoing,appointment,Internal,0,0.0
2022,4,Healthcare,outgoing,appointment,External,2,100.0
2022,4,Healthcare,outgoing,first_timer,Yes,,
2022,4,Healthcare,outgoing,first_timer,No,,
2022,4,Industrial,incoming,gender,Men,,
2022,4,Industrial,incoming,gender,Women,,
2022,4,Industrial,incoming,appointment,Internal,,
2022,4,Industrial,incoming,appointment,External,,
2022,4,Industrial,incoming,first_timer,Yes,,
2022,4,Industrial,incoming,first_timer,No,,
2022,4,Industrial,outgoing,gender,Men,,
2022,4,Industrial,outgoing,gender,Women,,
2022,4,Industrial,outgoing,appointment,Internal,,
2022,4,Industrial,outgoing,appointment,External,,
2022,4,Industrial,outgoing,first_timer,Yes,,
2022,4,Industrial,outgoing,first_timer,No,,
2022,4,Technology,incoming,gender,Men,3,75.0
2022,4,Technology,incoming,gender,Women,1,25.0
2022,4,Technology,incoming,appointment,Internal,3,75.0
2022,4,Technology,incoming,appointment,External,1,25.0
2022,4,Technology,incoming,first_timer,Yes,,
2022,4,Technology,incoming,first_timer,No,,
2022,4,Technology,outgoing,gender,Men,9,100.0
2022,4,Technology,outgoing,gender,Women,0,0.0
2022,4,Technology,outgoing,appointment,Internal,6,66.7
2022,4,Technology,outgoing,appointment,External,3,33.3
2022,4,Technology,outgoing,first_timer,Yes,,
2022,4,Technology,outgoing,first_timer,No,,
2023,1,Global,incoming,gender,Men,48,85.7
2023,1,Global,incoming,gender,Women,8,14.3
2023,1,Global,incoming,appointment,Internal,39,69.6
2023,1,Global,incoming,appointment,External,17,30.4
2023,1,Global,incoming,first_timer,Yes,48,85.7
2023,1,Global,incoming,first_timer,No,8,14.3
2023,1,Global,outgoing,gender,Men,37,90.2
2023,1,Global,outgoing,gender,Women,4,9.8
2023,1,Global,outgoing,appointment,Internal,31,75.6
2023,1,Global,outgoing,appointment,External,10,24.4
2023,1,Global,outgoing,first_timer,Yes,37,90.2
2023,1,Global,outgoing,first_timer,No,4,9.8
2023,1,Consumer,incoming,gender,Men,11,91.7
2023,1,Consumer,incoming,gender,Women,1,8.3
2023,1,Consumer,incoming,appointment,Internal,8,66.7
2023,1,Consumer,incoming,appointment,External,4,33.3
2023,1,Consumer,incoming,first_timer,Yes,,
2023,1,Consumer,incoming,first_timer,No,,
2023,1,Consumer,outgoing,gender,Men,11,84.6
2023,1,Consumer,outgoing,gender,Women,2,15.4
2023,1,Consumer,outgoing,appointment,Internal,10,76.9
2023,1,Consumer,outgoing,appointment,External,3,23.1
2023,1,Consumer,outgoing,first_timer,Yes,,
2023,1,Consumer,outgoing,first_timer,No,,
2023,1,Financial Services,incoming,gender,Men,9,100.0
2023,1,Financial Services,incoming,gender,Women,0,0.0
2023,1,Financial Services,incoming,appointment,Internal,7,77.8
2023,1,Financial Services,incoming,appointment,External,2,22.2
2023,1,Financial Services,incoming,first_timer,Yes,,
2023,1,Financial Services,incoming,first_timer,No,,
2023,1,Financial Services,outgoing,gender,Men,6,75.0
2023,1,Financial Services,outgoing,gender,Women,2,25.0
2023,1,Financial Services,outgoing,appointment,Internal,5,62.5
2023,1,Financial Services,outgoing,appointment,External,3,37.5
2023,1,Financial Services,outgoing,first_timer,Yes,,
2023,1,Financial Services,outgoing,first_timer,No,,
2023,1,Healthcare,incoming,gender,Men,2,66.7
2023,1,Healthcare,incoming,gender,Women,1,33.3
2023,1,Healthcare,incoming,appointment,Internal,2,66.7
2023,1,Healthcare,incoming,appointment,External,1,33.3
2023,1,Healthcare,incoming,first_timer,Yes,,
2023,1,Healthcare,incoming,first_timer,No,,
2023,1,Healthcare,outgoing,gender,Men,2,100.0
2023,1,Healthcare,outgoing,gender,Women,0,0.0
2023,1,Healthcare,outgoing,appointment,Internal,1,50.0
2023,1,Healthcare,outgoing,appointment,External,1,50.0
2023,1,Healthcare,outgoing,first_timer,Yes,,
2023,1,Healthcare,outgoing,first_timer,No,,
2023,1,Industrial,incoming,gender,Men,,
2023,1,Industrial,incoming,gender,Women,,
2023,1,Industrial,incoming,appointment,Internal,,
2023,1,Industrial,incoming,appointment,External,,
2023,1,Industrial,incoming,first_timer,Yes,,
2023,1,Industrial,incoming,first_timer,No,,
2023,1,Industrial,outgoing,gender,Men,,
2023,1,Industrial,outgoing,gender,Women,,
2023,1,Industrial,outgoing,appointment,Internal,,
2023,1,Industrial,outgoing,appointment,External,,
2023,1,Industrial,outgoing,first_timer,Yes,,
2023,1,Industrial,outgoing,first_timer,No,,
2023,1,Technology,incoming,gender,Men,4,66.7
2023,1,Technology,incoming,gender,Women,2,33.3
2023,1,Technology,incoming,appointment,Internal,4,66.7
2023,1,Technology,incoming,appointment,External,2,33.3
2023,1,Technology,incoming,first_timer,Yes,,
2023,1,Technology,incoming,first_timer,No,,
2023,1,Technology,outgoing,gender,Men,5,100.0
2023,1,Technology,outgoing,gender,Women,0,0.0
2023,1,Technology,outgoing,appointment,Internal,3,60.0
2023,1,Technology,outgoing,appointment,External,2,40.0
2023,1,Technology,outgoing,first_timer,Yes,,
2023,1,Technology,outgoing,first_timer,No,,
2023,2,Global,incoming,gender,Men,66,89.2
2023,2,Global,incoming,gender,Women,8,10.8
2023,2,Global,incoming,appointment,Internal,57,77.0
2023,2,Global,incoming,appointment,External,17,23.0
2023,2,Global,incoming,first_timer,Yes,66,89.2
2023,2,Global,incoming,first_timer,No,8,10.8
2023,2,Global,outgoing,gender,Men,68,97.1
2023,2,Global,outgoing,gender,Women,2,2.9
2023,2,Global,outgoing,appointment,Internal,52,74.3
2023,2,Global,outgoing,appointment,External,18,25.7
2023,2,Global,outgoing,first_timer,Yes,62,88.6
2023,2,Global,outgoing,first_timer,No,8,11.4
2023,2,Consumer,incoming,gender,Men,10,71.4
2023,2,Consumer,incoming,gender,Women,4,28.6
2023,2,Consumer,incoming,appointment,Internal,11,78.6
2023,2,Consumer,incoming,appointment,External,3,21.4
2023,2,Consumer,incoming,first_timer,Yes,,
2023,2,Consumer,incoming,first_timer,No,,
2023,2,Consumer,outgoing,gender,Men,12,100.0
2023,2,Consumer,outgoing,gender,Women,0,0.0
2023,2,Consumer,outgoing,appointment,Internal,8,66.7
2023,2,Consumer,outgoing,appointment,External,4,33.3
2023,2,Consumer,outgoing,first_timer,Yes,,
2023,2,Consumer,outgoing,first_timer,No,,
2023,2,Financial Services,incoming,gender,Men,11,78.6
2023,2,Financial Services,incoming,gender,Women,3,21.4
2023,2,Financial Services,incoming,appointment,Internal,12,85.7
2023,2,Financial Services,incoming,appointment,External,2,14.3
2023,2,Financial Services,incoming,first_timer,Yes,,
2023,2,Financial Services,incoming,first_timer,No,,
2023,2,Financial Services,outgoing,gender,Men,12,100.0
2023,2,Financial Services,outgoing,gender,Women,0,0.0
2023,2,Financial Services,outgoing,appointment,Internal,9,75.0
2023,2,Financial Services,outgoing,appointment,External,3,25.0
2023,2,Financial Services,outgoing,first_timer,Yes,,
2023,2,Financial Services,outgoing,first_timer,No,,
2023,2,Healthcare,incoming,gender,Men,4,100.0
2023,2,Healthcare,incoming,gender,Women,0,0.0
2023,2,Healthcare,incoming,appointment,Internal,2,50.0
2023,2,Healthcare,incoming,appointment,External,2,50.0
2023,2,Healthcare,incoming,first_timer,Yes,,
2023,2,Healthcare,incoming,first_timer,No,,
2023,2,Healthcare,outgoing,gender,Men,4,100.0
2023,2,Healthcare,outgoing,gender,Women,0,0.0
2023,2,Healthcare,outgoing,appointment,Internal,2,50.0
2023,2,Healthcare,outgoing,appointment,External,2,50.0
2023,2,Healthcare,outgoing,first_timer,Yes,,
2023,2,Healthcare,outgoing,first_timer,No,,
2023,2,Industrial,incoming,gender,Men,,
2023,2,Industrial,incoming,gender,Women,,
2023,2,Industrial,incoming,appointment,Internal,,
2023,2,Industrial,incoming,appointment,External,,
2023,2,Industrial,incoming,first_timer,Yes,,
2023,2,Industrial,incoming,first_timer,No,,
2023,2,Industrial,outgoing,gender,Men,,
2023,2,Industrial,outgoing,gender,Women,,
2023,2,Industrial,outgoing,appointment,Internal,,
2023,2,Industrial,outgoing,appointment,External,,
2023,2,Industrial,outgoing,first_timer,Yes,,
2023,2,Industrial,outgoing,first_timer,No,,
2023,2,Technology,incoming,gender,Men,8,80.0
2023,2,Technology,incoming,gender,Women,2,20.0
2023,2,Technology,incoming,appointment,Internal,8,80.0
2023,2,Technology,incoming,appointment,External,2,20.0
2023,2,Technology,incoming,first_timer,Yes,,
2023,2,Technology,incoming,first_timer,No,,
2023,2,Technology,outgoing,gender,Men,4,100.0
2023,2,Technology,outgoing,gender,Women,0,0.0
2023,2,Technology,outgoing,appointment,Internal,2,50.0
2023,2,Technology,outgoing,appointment,External,2,50.0
2023,2,Technology,outgoing,first_timer,Yes,,
2023,2,Technology,outgoing,first_timer,No,,
2023,3,Global,incoming,gender,Men,23,85.2
2023,3,Global,incoming,gender,Women,4,14.8
2023,3,Global,incoming,appointment,Internal,20,74.1
2023,3,Global,incoming,appointment,External,7,25.9
2023,3,Global,incoming,first_timer,Yes,24,88.9
2023,3,Global,incoming,first_timer,No,3,11.1
2023,3,Global,outgoing,gender,Men,33,84.6
2023,3,Global,outgoing,gender,Women,6,15.4
2023,3,Global,outgoing,appointment,Internal,24,61.5
2023,3,Global,outgoing,appointment,External,15,38.5
2023,3,Global,outgoing,first_timer,Yes,33,84.6
2023,3,Global,outgoing,first_timer,No,6,15.4
2023,3,Consumer,incoming,gender,Men,,
2023,3,Consumer,incoming,gender,Women,,
2023,3,Consumer,incoming,appointment,Internal,,
2023,3,Consumer,incoming,appointment,External,,
2023,3,Consumer,incoming,first_timer,Yes,,
2023,3,Consumer,incoming,first_timer,No,,
2023,3,Consumer,outgoing,gender,Men,,
2023,3,Consumer,outgoing,gender,Women,,
2023,3,Consumer,outgoing,appointment,Internal,,
2023,3,Consumer,outgoing,appointment,External,,
2023,3,Consumer,outgoing,first_timer,Yes,,
2023,3,Consumer,outgoing,first_timer,No,,
2023,3,Financial Services,incoming,gender,Men,,
2023,3,Financial Services,incoming,gender,Women,,
2023,3,Financial Services,incoming,appointment,Internal,,
2023,3,Financial Services,incoming,appointment,External,,
2023,3,Financial Services,incoming,first_timer,Yes,,
2023,3,Financial Services,incoming,first_timer,No,,
2023,3,Financial Services,outgoing,gender,Men,,
2023,3,Financial Services,outgoing,gender,Women,,
2023,3,Financial Services,outgoing,appointment,Internal,,
2023,3,Financial Services,outgoing,appointment,External,,
2023,3,Financial Services,outgoing,first_timer,Yes,,
2023,3,Financial Services,outgoing,first_timer,No,,
2023,3,Healthcare,incoming,gender,Men,,
2023,3,Healthcare,incoming,gender,Women,,
2023,3,Healthcare,incoming,appointment,Internal,,
2023,3,Healthcare,incoming,appointment,External,,
2023,3,Healthcare,incoming,first_timer,Yes,,
2023,3,Healthcare,incoming,first_timer,No,,
2023,3,Healthcare,outgoing,gender,Men,,
2023,3,Healthcare,outgoing,gender,Women,,
2023,3,Healthcare,outgoing,appointment,Internal,,
2023,3,Healthcare,outgoing,appointment,External,,
2023,3,Healthcare,outgoing,first_timer,Yes,,
2023,3,Healthcare,outgoing,first_timer,No,,
2023,3,Industrial,incoming,gender,Men,,
2023,3,Industrial,incoming,gender,Women,,
2023,3,Industrial,incoming,appointment,Internal,,
2023,3,Industrial,incoming,appointment,External,,
2023,3,Industrial,incoming,first_timer,Yes,,
2023,3,Industrial,incoming,first_timer,No,,
2023,3,Industrial,outgoing,gender,Men,,
2023,3,Industrial,outgoing,gender,Women,,
2023,3,Industrial,outgoing,appointment,Internal,,
2023,3,Industrial,outgoing,appointment,External,,
2023,3,Industrial,outgoing,first_timer,Yes,,
2023,3,Industrial,outgoing,first_timer,No,,
2023,3,Technology,incoming,gender,Men,,
2023,3,Technology,incoming,gender,Women,,
2023,3,Technology,incoming,appointment,Internal,,
2023,3,Technology,incoming,appointment,External,,
2023,3,Technology,incoming,first_timer,Yes,,
2023,3,Technology,incoming,first_timer,No,,
2023,3,Technology,outgoing,gender,Men,,
2023,3,Technology,outgoing,gender,Women,,
2023,3,Technology,outgoing,appointment,Internal,,
2023,3,Technology,outgoing,appointment,External,,
2023,3,Technology,outgoing,first_timer,Yes,,
2023,3,Technology,outgoing,first_timer,No,,
2023,4,Global,incoming,gender,Men,22,91.7
2023,4,Global,incoming,gender,Women,2,8.3
2023,4,Global,incoming,appointment,Internal,15,62.5
2023,4,Global,incoming,appointment,External,9,37.5
2023,4,Global,incoming,first_timer,Yes,20,83.3
2023,4,Global,incoming,first_timer,No,4,16.7
2023,4,Global,outgoing,gender,Men,31,86.1
2023,4,Global,outgoing,gender,Women,5,13.9
2023,4,Global,outgoing,appointment,Internal,26,72.2
2023,4,Global,outgoing,appointment,External,10,27.8
2023,4,Global,outgoing,first_timer,Yes,29,80.6
2023,4,Global,outgoing,first_timer,No,7,19.4
2023,4,Consumer,incoming,gender,Men,,
2023,4,Consumer,incoming,gender,Women,,
2023,4,Consumer,incoming,appointment,Internal,,
2023,4,Consumer,incoming,appointment,External,,
2023,4,Consumer,incoming,first_timer,Yes,,
2023,4,Consumer,incoming,first_timer,No,,
2023,4,Consumer,outgoing,gender,Men,,
2023,4,Consumer,outgoing,gender,Women,,
2023,4,Consumer,outgoing,appointment,Internal,,
2023,4,Consumer,outgoing,appointment,External,,
2023,4,Consumer,outgoing,first_timer,Yes,,
2023,4,Consumer,outgoing,first_timer,No,,
2023,4,Financial Services,incoming,gender,Men,,
2023,4,Financial Services,incoming,gender,Women,,
2023,4,Financial Services,incoming,appointment,Internal,,
2023,4,Financial Services,incoming,appointment,External,,
2023,4,Financial Services,incoming,first_timer,Yes,,
2023,4,Financial Services,incoming,first_timer,No,,
2023,4,Financial Services,outgoing,gender,Men,,
2023,4,Financial Services,outgoing,gender,Women,,
2023,4,Financial Services,outgoing,appointment,Internal,,
2023,4,Financial Services,outgoing,appointment,External,,
2023,4,Financial Services,outgoing,first_timer,Yes,,
2023,4,Financial Services,outgoing,first_timer,No,,
2023,4,Healthcare,incoming,gender,Men,,
2023,4,Healthcare,incoming,gender,Women,,
2023,4,Healthcare,incoming,appointment,Internal,,
2023,4,Healthcare,incoming,appointment,External,,
2023,4,Healthcare,incoming,first_timer,Yes,,
2023,4,Healthcare,incoming,first_timer,No,,
2023,4,Healthcare,outgoing,gender,Men,,
2023,4,Healthcare,outgoing,gender,Women,,
2023,4,Healthcare,outgoing,appointment,Internal,,
2023,4,Healthcare,outgoing,appointment,External,,
2023,4,Healthcare,outgoing,first_timer,Yes,,
2023,4,Healthcare,outgoing,first_timer,No,,
2023,4,Industrial,incoming,gender,Men,,
2023,4,Industrial,incoming,gender,Women,,
2023,4,Industrial,incoming,appointment,Internal,,
2023,4,Industrial,incoming,appointment,External,,
2023,4,Industrial,incoming,first_timer,Yes,,
2023,4,Industrial,incoming,first_timer,No,,
2023,4,Industrial,outgoing,gender,Men,,
2023,4,Industrial,outgoing,gender,Women,,
2023,4,Industrial,outgoing,appointment,Internal,,
2023,4,Industrial,outgoing,appointment,External,,
2023,4,Industrial,outgoing,first_timer,Yes,,
2023,4,Industrial,outgoing,first_timer,No,,
2023,4,Technology,incoming,gender,Men,,
2023,4,Technology,incoming,gender,Women,,
2023,4,Technology,incoming,appointment,Internal,,
2023,4,Technology,incoming,appointment,External,,
2023,4,Technology,incoming,first_timer,Yes,,
2023,4,Technology,incoming,first_timer,No,,
2023,4,Technology,outgoing,gender,Men,,
2023,4,Technology,outgoing,gender,Women,,
2023,4,Technology,outgoing,appointment,Internal,,
2023,4,Technology,outgoing,appointment,External,,
2023,4,Technology,outgoing,first_timer,Yes,,
2023,4,Technology,outgoing,first_timer,No,,
2024,1,Global,incoming,gender,Men,68,93.2
2024,1,Global,incoming,gender,Women,5,6.8
2024,1,Global,incoming,appointment,Internal,53,72.6
2024,1,Global,incoming,appointment,External,20,27.4
2024,1,Global,incoming,first_timer,Yes,67,91.8
2024,1,Global,incoming,first_timer,No,6,8.2
2024,1,Global,outgoing,gender,Men,56,96.6
2024,1,Global,outgoing,gender,Women,2,3.4
2024,1,Global,outgoing,appointment,Internal,40,69.0
2024,1,Global,outgoing,appointment,External,18,31.0
2024,1,Global,outgoing,first_timer,Yes,49,84.5
2024,1,Global,outgoing,first_timer,No,9,15.5
2024,1,Consumer,incoming,gender,Men,,
2024,1,Consumer,incoming,gender,Women,,
2024,1,Consumer,incoming,appointment,Internal,,
2024,1,Consumer,incoming,appointment,External,,
2024,1,Consumer,incoming,first_timer,Yes,,
2024,1,Consumer,incoming,first_timer,No,,
2024,1,Consumer,outgoing,gender,Men,,
2024,1,Consumer,outgoing,gender,Women,,
2024,1,Consumer,outgoing,appointment,Internal,,
2024,1,Consumer,outgoing,appointment,External,,
2024,1,Consumer,outgoing,first_timer,Yes,,
2024,1,Consumer,outgoing,first_timer,No,,
2024,1,Financial Services,incoming,gender,Men,,
2024,1,Financial Services,incoming,gender,Women,,
2024,1,Financial Services,incoming,appointment,Internal,,
2024,1,Financial Services,incoming,appointment,External,,
2024,1,Financial Services,incoming,first_timer,Yes,,
2024,1,Financial Services,incoming,first_timer,No,,
2024,1,Financial Services,outgoing,gender,Men,,
2024,1,Financial Services,outgoing,gender,Women,,
2024,1,Financial Services,outgoing,appointment,Internal,,
2024,1,Financial Services,outgoing,appointment,External,,
2024,1,Financial Services,outgoing,first_timer,Yes,,
2024,1,Financial Services,outgoing,first_timer,No,,
2024,1,Healthcare,incoming,gender,Men,,
2024,1,Healthcare,incoming,gender,Women,,
2024,1,Healthcare,incoming,appointment,Internal,,
2024,1,Healthcare,incoming,appointment,External,,
2024,1,Healthcare,incoming,first_timer,Yes,,
2024,1,Healthcare,incoming,first_timer,No,,
2024,1,Healthcare,outgoing,gender,Men,,
2024,1,Healthcare,outgoing,gender,Women,,
2024,1,Healthcare,outgoing,appointment,Internal,,
2024,1,Healthcare,outgoing,appointment,External,,
2024,1,Healthcare,outgoing,first_timer,Yes,,
2024,1,Healthcare,outgoing,first_timer,No,,
2024,1,Industrial,incoming,gender,Men,,
2024,1,Industrial,incoming,gender,Women,,
2024,1,Industrial,incoming,appointment,Internal,,
2024,1,Industrial,incoming,appointment,External,,
2024,1,Industrial,incoming,first_timer,Yes,,
2024,1,Industrial,incoming,first_timer,No,,
2024,1,Industrial,outgoing,gender,Men,,
2024,1,Industrial,outgoing,gender,Women,,
2024,1,Industrial,outgoing,appointment,Internal,,
2024,1,Industrial,outgoing,appointment,External,,
2024,1,Industrial,outgoing,first_timer,Yes,,
2024,1,Industrial,outgoing,first_timer,No,,
2024,1,Technology,incoming,gender,Men,,
2024,1,Technology,incoming,gender,Women,,
2024,1,Technology,incoming,appointment,Internal,,
2024,1,Technology,incoming,appointment,External,,
2024,1,Technology,incoming,first_timer,Yes,,
2024,1,Technology,incoming,first_timer,No,,
2024,1,Technology,outgoing,gender,Men,,
2024,1,Technology,outgoing,gender,Women,,
2024,1,Technology,outgoing,appointment,Internal,,
2024,1,Technology,outgoing,appointment,External,,
2024,1,Technology,outgoing,first_timer,Yes,,
2024,1,Technology,outgoing,first_timer,No,,
2024,2,Global,incoming,gender,Men,60,89.6
2024,2,Global,incoming,gender,Women,7,10.4
2024,2,Global,incoming,appointment,Internal,54,80.6
2024,2,Global,incoming,appointment,External,13,19.4
2024,2,Global,incoming,first_timer,Yes,59,88.1
2024,2,Global,incoming,first_timer,No,8,11.9
2024,2,Global,outgoing,gender,Men,62,95.4
2024,2,Global,outgoing,gender,Women,3,4.6
2024,2,Global,outgoing,appointment,Internal,47,72.3
2024,2,Global,outgoing,appointment,External,18,27.7
2024,2,Global,outgoing,first_timer,Yes,54,83.1
2024,2,Global,outgoing,first_timer,No,11,16.9
2024,2,Consumer,incoming,gender,Men,,
2024,2,Consumer,incoming,gender,Women,,
2024,2,Consumer,incoming,appointment,Internal,,
2024,2,Consumer,incoming,appointment,External,,
2024,2,Consumer,incoming,first_timer,Yes,,
2024,2,Consumer,incoming,first_timer,No,,
2024,2,Consumer,outgoing,gender,Men,,
2024,2,Consumer,outgoing,gender,Women,,
2024,2,Consumer,outgoing,appointment,Internal,,
2024,2,Consumer,outgoing,appointment,External,,
2024,2,Consumer,outgoing,first_timer,Yes,,
2024,2,Consumer,outgoing,first_timer,No,,
2024,2,Financial Services,incoming,gender,Men,,
2024,2,Financial Services,incoming,gender,Women,,
2024,2,Financial Services,incoming,appointment,Internal,,
2024,2,Financial Services,incoming,appointment,External,,
2024,2,Financial Services,incoming,first_timer,Yes,,
2024,2,Financial Services,incoming,first_timer,No,,
2024,2,Financial Services,outgoing,gender,Men,,
2024,2,Financial Services,outgoing,gender,Women,,
2024,2,Financial Services,outgoing,appointment,Internal,,
2024,2,Financial Services,outgoing,appointment,External,,
2024,2,Financial Services,outgoing,first_timer,Yes,,
2024,2,Financial Services,outgoing,first_timer,No,,
2024,2,Healthcare,incoming,gender,Men,,
2024,2,Healthcare,incoming,gender,Women,,
2024,2,Healthcare,incoming,appointment,Internal,,
2024,2,Healthcare,incoming,appointment,External,,
2024,2,Healthcare,incoming,first_timer,Yes,,
2024,2,Healthcare,incoming,first_timer,No,,
2024,2,Healthcare,outgoing,gender,Men,,
2024,2,Healthcare,outgoing,gender,Women,,
2024,2,Healthcare,outgoing,appointment,Internal,,
2024,2,Healthcare,outgoing,appointment,External,,
2024,2,Healthcare,outgoing,first_timer,Yes,,
2024,2,Healthcare,outgoing,first_timer,No,,
2024,2,Industrial,incoming,gender,Men,,
2024,2,Industrial,incoming,gender,Women,,
2024,2,Industrial,incoming,appointment,Internal,,
2024,2,Industrial,incoming,appointment,External,,
2024,2,Industrial,incoming,first_timer,Yes,,
2024,2,Industrial,incoming,first_timer,No,,
2024,2,Industrial,outgoing,gender,Men,,
2024,2,Industrial,outgoing,gender,Women,,
2024,2,Industrial,outgoing,appointment,Internal,,
2024,2,Industrial,outgoing,appointment,External,,
2024,2,Industrial,outgoing,first_timer,Yes,,
2024,2,Industrial,outgoing,first_timer,No,,
2024,2,Technology,incoming,gender,Men,,
2024,2,Technology,incoming,gender,Women,,
2024,2,Technology,incoming,appointment,Internal,,
2024,2,Technology,incoming,appointment,External,,
2024,2,Technology,incoming,first_timer,Yes,,
2024,2,Technology,incoming,first_timer,No,,
2024,2,Technology,outgoing,gender,Men,,
2024,2,Technology,outgoing,gender,Women,,
2024,2,Technology,outgoing,appointment,Internal,,
2024,2,Technology,outgoing,appointment,External,,
2024,2,Technology,outgoing,first_timer,Yes,,
2024,2,Technology,outgoing,first_timer,No,,
2024,3,Global,incoming,gender,Men,41,85.4
2024,3,Global,incoming,gender,Women,7,14.6
2024,3,Global,incoming,appointment,Internal,33,68.8
2024,3,Global,incoming,appointment,External,15,31.2
2024,3,Global,incoming,first_timer,Yes,34,70.8
2024,3,Global,incoming,first_timer,No,14,29.2
2024,3,Global,outgoing,gender,Men,37,88.1
2024,3,Global,outgoing,gender,Women,5,11.9
2024,3,Global,outgoing,appointment,Internal,30,71.4
2024,3,Global,outgoing,appointment,External,12,28.6
2024,3,Global,outgoing,first_timer,Yes,37,88.1
2024,3,Global,outgoing,first_timer,No,5,11.9
2024,3,Consumer,incoming,gender,Men,,
2024,3,Consumer,incoming,gender,Women,,
2024,3,Consumer,incoming,appointment,Internal,,
2024,3,Consumer,incoming,appointment,External,,
2024,3,Consumer,incoming,first_timer,Yes,,
2024,3,Consumer,incoming,first_timer,No,,
2024,3,Consumer,outgoing,gender,Men,,
2024,3,Consumer,outgoing,gender,Women,,
2024,3,Consumer,outgoing,appointment,Internal,,
2024,3,Consumer,outgoing,appointment,External,,
2024,3,Consumer,outgoing,first_timer,Yes,,
2024,3,Consumer,outgoing,first_timer,No,,
2024,3,Financial Services,incoming,gender,Men,,
2024,3,Financial Services,incoming,gender,Women,,
2024,3,Financial Services,incoming,appointment,Internal,,
2024,3,Financial Services,incoming,appointment,External,,
2024,3,Financial Services,incoming,first_timer,Yes,,
2024,3,Financial Services,incoming,first_timer,No,,
2024,3,Financial Services,outgoing,gender,Men,,
2024,3,Financial Services,outgoing,gender,Women,,
2024,3,Financial Services,outgoing,appointment,Internal,,
2024,3,Financial Services,outgoing,appointment,External,,
2024,3,Financial Services,outgoing,first_timer,Yes,,
2024,3,Financial Services,outgoing,first_timer,No,,
2024,3,Healthcare,incoming,gender,Men,,
2024,3,Healthcare,incoming,gender,Women,,
2024,3,Healthcare,incoming,appointment,Internal,,
2024,3,Healthcare,incoming,appointment,External,,
2024,3,Healthcare,incoming,first_timer,Yes,,
2024,3,Healthcare,incoming,first_timer,No,,
2024,3,Healthcare,outgoing,gender,Men,,
2024,3,Healthcare,outgoing,gender,Women,,
2024,3,Healthcare,outgoing,appointment,Internal,,
2024,3,Healthcare,outgoing,appointment,External,,
2024,3,Healthcare,outgoing,first_timer,Yes,,
2024,3,Healthcare,outgoing,first_timer,No,,
2024,3,Industrial,incoming,gender,Men,,
2024,3,Industrial,incoming,gender,Women,,
2024,3,Industrial,incoming,appointment,Internal,,
2024,3,Industrial,incoming,appointment,External,,
2024,3,Industrial,incoming,first_timer,Yes,,
2024,3,Industrial,incoming,first_timer,No,,
2024,3,Industrial,outgoing,gender,Men,,
2024,3,Industrial,outgoing,gender,Women,,
2024,3,Industrial,outgoing,appointment,Internal,,
2024,3,Industrial,outgoing,appointment,External,,
2024,3,Industrial,outgoing,first_timer,Yes,,
2024,3,Industrial,outgoing,first_timer,No,,
2024,3,Technology,incoming,gender,Men,,
2024,3,Technology,incoming,gender,Women,,
2024,3,Technology,incoming,appointment,Internal,,
2024,3,Technology,incoming,appointment,External,,
2024,3,Technology,incoming,first_timer,Yes,,
2024,3,Technology,incoming,first_timer,No,,
2024,3,Technology,outgoing,gender,Men,,
2024,3,Technology,outgoing,gender,Women,,
2024,3,Technology,outgoing,appointment,Internal,,
2024,3,Technology,outgoing,appointment,External,,
2024,3,Technology,outgoing,first_timer,Yes,,
2024,3,Technology,outgoing,first_timer,No,,
2024,4,Global,incoming,gender,Men,26,83.9
2024,4,Global,incoming,gender,Women,5,16.1
2024,4,Global,incoming,appointment,Internal,20,64.5
2024,4,Global,incoming,appointment,External,11,35.5
2024,4,Global,incoming,first_timer,Yes,26,83.9
2024,4,Global,incoming,first_timer,No,5,16.1
2024,4,Global,outgoing,gender,Men,35,94.6
2024,4,Global,outgoing,gender,Women,2,5.4
2024,4,Global,outgoing,appointment,Internal,28,75.7
2024,4,Global,outgoing,appointment,External,9,24.3
2024,4,Global,outgoing,first_timer,Yes,32,86.5
2024,4,Global,outgoing,first_timer,No,5,13.5
2024,4,Consumer,incoming,gender,Men,,
2024,4,Consumer,incoming,gender,Women,,
2024,4,Consumer,incoming,appointment,Internal,,
2024,4,Consumer,incoming,appointment,External,,
2024,4,Consumer,incoming,first_timer,Yes,,
2024,4,Consumer,incoming,first_timer,No,,
2024,4,Consumer,outgoing,gender,Men,,
2024,4,Consumer,outgoing,gender,Women,,
2024,4,Consumer,outgoing,appointment,Internal,,
2024,4,Consumer,outgoing,appointment,External,,
2024,4,Consumer,outgoing,first_timer,Yes,,
2024,4,Consumer,outgoing,first_timer,No,,
2024,4,Financial Services,incoming,gender,Men,,
2024,4,Financial Services,incoming,gender,Women,,
2024,4,Financial Services,incoming,appointment,Internal,,
2024,4,Financial Services,incoming,appointment,External,,
2024,4,Financial Services,incoming,first_timer,Yes,,
2024,4,Financial Services,incoming,first_timer,No,,
2024,4,Financial Services,outgoing,gender,Men,,
2024,4,Financial Services,outgoing,gender,Women,,
2024,4,Financial Services,outgoing,appointment,Internal,,
2024,4,Financial Services,outgoing,appointment,External,,
2024,4,Financial Services,outgoing,first_timer,Yes,,
2024,4,Financial Services,outgoing,first_timer,No,,
2024,4,Healthcare,incoming,gender,Men,,
2024,4,Healthcare,incoming,gender,Women,,
2024,4,Healthcare,incoming,appointment,Internal,,
2024,4,Healthcare,incoming,appointment,External,,
2024,4,Healthcare,incoming,first_timer,Yes,,
2024,4,Healthcare,incoming,first_timer,No,,
2024,4,Healthcare,outgoing,gender,Men,,
2024,4,Healthcare,outgoing,gender,Women,,
2024,4,Healthcare,outgoing,appointment,Internal,,
2024,4,Healthcare,outgoing,appointment,External,,
2024,4,Healthcare,outgoing,first_timer,Yes,,
2024,4,Healthcare,outgoing,first_timer,No,,
2024,4,Industrial,incoming,gender,Men,,
2024,4,Industrial,incoming,gender,Women,,
2024,4,Industrial,incoming,appointment,Internal,,
2024,4,Industrial,incoming,appointment,External,,
2024,4,Industrial,incoming,first_timer,Yes,,
2024,4,Industrial,incoming,first_timer,No,,
2024,4,Industrial,outgoing,gender,Men,,
2024,4,Industrial,outgoing,gender,Women,,
2024,4,Industrial,outgoing,appointment,Internal,,
2024,4,Industrial,outgoing,appointment,External,,
2024,4,Industrial,outgoing,first_timer,Yes,,
2024,4,Industrial,outgoing,first_timer,No,,
2024,4,Technology,incoming,gender,Men,,
2024,4,Technology,incoming,gender,Women,,
2024,4,Technology,incoming,appointment,Internal,,
2024,4,Technology,incoming,appointment,External,,
2024,4,Technology,incoming,first_timer,Yes,,
2024,4,Technology,incoming,first_timer,No,,
2024,4,Technology,outgoing,gender,Men,,
2024,4,Technology,outgoing,gender,Women,,
2024,4,Technology,outgoing,appointment,Internal,,
2024,4,Technology,outgoing,appointment,External,,
2024,4,Technology,outgoing,first_timer,Yes,,
2024,4,Technology,outgoing,first_timer,No,,
2025,1,Global,incoming,gender,Men,48,88.9
2025,1,Global,incoming,gender,Women,6,11.1
2025,1,Global,incoming,appointment,Internal,39,72.2
2025,1,Global,incoming,appointment,External,15,27.8
2025,1,Global,incoming,first_timer,Yes,45,83.3
2025,1,Global,incoming,first_timer,No,9,16.7
2025,1,Global,outgoing,gender,Men,54,98.2
2025,1,Global,outgoing,gender,Women,1,1.8
2025,1,Global,outgoing,appointment,Internal,31,56.4
2025,1,Global,outgoing,appointment,External,24,43.6
2025,1,Global,outgoing,first_timer,Yes,44,80.0
2025,1,Global,outgoing,first_timer,No,11,20.0
2025,1,Consumer,incoming,gender,Men,,
2025,1,Consumer,incoming,gender,Women,,
2025,1,Consumer,incoming,appointment,Internal,,
2025,1,Consumer,incoming,appointment,External,,
2025,1,Consumer,incoming,first_timer,Yes,,
2025,1,Consumer,incoming,first_timer,No,,
2025,1,Consumer,outgoing,gender,Men,,
2025,1,Consumer,outgoing,gender,Women,,
2025,1,Consumer,outgoing,appointment,Internal,,
2025,1,Consumer,outgoing,appointment,External,,
2025,1,Consumer,outgoing,first_timer,Yes,,
2025,1,Consumer,outgoing,first_timer,No,,
2025,1,Financial Services,incoming,gender,Men,,
2025,1,Financial Services,incoming,gender,Women,,
2025,1,Financial Services,incoming,appointment,Internal,,
2025,1,Financial Services,incoming,appointment,External,,
2025,1,Financial Services,incoming,first_timer,Yes,,
2025,1,Financial Services,incoming,first_timer,No,,
2025,1,Financial Services,outgoing,gender,Men,,
2025,1,Financial Services,outgoing,gender,Women,,
2025,1,Financial Services,outgoing,appointment,Internal,,
2025,1,Financial Services,outgoing,appointment,External,,
2025,1,Financial Services,outgoing,first_timer,Yes,,
2025,1,Financial Services,outgoing,first_timer,No,,
2025,1,Healthcare,incoming,gender,Men,,
2025,1,Healthcare,incoming,gender,Women,,
2025,1,Healthcare,incoming,appointment,Internal,,
2025,1,Healthcare,incoming,appointment,External,,
2025,1,Healthcare,incoming,first_timer,Yes,,
2025,1,Healthcare,incoming,first_timer,No,,
2025,1,Healthcare,outgoing,gender,Men,,
2025,1,Healthcare,outgoing,gender,Women,,
2025,1,Healthcare,outgoing,appointment,Internal,,
2025,1,Healthcare,outgoing,appointment,External,,
2025,1,Healthcare,outgoing,first_timer,Yes,,
2025,1,Healthcare,outgoing,first_timer,No,,
2025,1,Industrial,incoming,gender,Men,,
2025,1,Industrial,incoming,gender,Women,,
2025,1,Industrial,incoming,appointment,Internal,,
2025,1,Industrial,incoming,appointment,External,,
2025,1,Industrial,incoming,first_timer,Yes,,
2025,1,Industrial,incoming,first_timer,No,,
2025,1,Industrial,outgoing,gender,Men,,
2025,1,Industrial,outgoing,gender,Women,,
2025,1,Industrial,outgoing,appointment,Internal,,
2025,1,Industrial,outgoing,appointment,External,,
2025,1,Industrial,outgoing,first_timer,Yes,,
2025,1,Industrial,outgoing,first_timer,No,,
2025,1,Technology,incoming,gender,Men,,
2025,1,Technology,incoming,gender,Women,,
2025,1,Technology,incoming,appointment,Internal,,
2025,1,Technology,incoming,appointment,External,,
2025,1,Technology,incoming,first_timer,Yes,,
2025,1,Technology,incoming,first_timer,No,,
2025,1,Technology,outgoing,gender,Men,,
2025,1,Technology,outgoing,gender,Women,,
2025,1,Technology,outgoing,appointment,Internal,,
2025,1,Technology,outgoing,appointment,External,,
2025,1,Technology,outgoing,first_timer,Yes,,
2025,1,Technology,outgoing,first_timer,No,,
2025,2,Global,incoming,gender,Men,67,93.1
2025,2,Global,incoming,gender,Women,5,6.9
2025,2,Global,incoming,appointment,Internal,59,81.9
2025,2,Global,incoming,appointment,External,13,18.1
2025,2,Global,incoming,first_timer,Yes,67,93.1
2025,2,Global,incoming,first_timer,No,5,6.9
2025,2,Global,outgoing,gender,Men,60,93.8
2025,2,Global,outgoing,gender,Women,4,6.2
2025,2,Global,outgoing,appointment,Internal,46,71.9
2025,2,Global,outgoing,appointment,External,18,28.1
2025,2,Global,outgoing,first_timer,Yes,58,90.6
2025,2,Global,outgoing,first_timer,No,6,9.4
2025,2,Consumer,incoming,gender,Men,,
2025,2,Consumer,incoming,gender,Women,,
2025,2,Consumer,incoming,appointment,Internal,,
2025,2,Consumer,incoming,appointment,External,,
2025,2,Consumer,incoming,first_timer,Yes,,
2025,2,Consumer,incoming,first_timer,No,,
2025,2,Consumer,outgoing,gender,Men,,
2025,2,Consumer,outgoing,gender,Women,,
2025,2,Consumer,outgoing,appointment,Internal,,
2025,2,Consumer,outgoing,appointment,External,,
2025,2,Consumer,outgoing,first_timer,Yes,,
2025,2,Consumer,outgoing,first_timer,No,,
2025,2,Financial Services,incoming,gender,Men,,
2025,2,Financial Services,incoming,gender,Women,,
2025,2,Financial Services,incoming,appointment,Internal,,
2025,2,Financial Services,incoming,appointment,External,,
2025,2,Financial Services,incoming,first_timer,Yes,,
2025,2,Financial Services,incoming,first_timer,No,,
2025,2,Financial Services,outgoing,gender,Men,,
2025,2,Financial Services,outgoing,gender,Women,,
2025,2,Financial Services,outgoing,appointment,Internal,,
2025,2,Financial Services,outgoing,appointment,External,,
2025,2,Financial Services,outgoing,first_timer,Yes,,
2025,2,Financial Services,outgoing,first_timer,No,,
2025,2,Healthcare,incoming,gender,Men,,
2025,2,Healthcare,incoming,gender,Women,,
2025,2,Healthcare,incoming,appointment,Internal,,
2025,2,Healthcare,incoming,appointment,External,,
2025,2,Healthcare,incoming,first_timer,Yes,,
2025,2,Healthcare,incoming,first_timer,No,,
2025,2,Healthcare,outgoing,gender,Men,,
2025,2,Healthcare,outgoing,gender,Women,,
2025,2,Healthcare,outgoing,appointment,Internal,,
2025,2,Healthcare,outgoing,appointment,External,,
2025,2,Healthcare,outgoing,first_timer,Yes,,
2025,2,Healthcare,outgoing,first_timer,No,,
2025,2,Industrial,incoming,gender,Men,,
2025,2,Industrial,incoming,gender,Women,,
2025,2,Industrial,incoming,appointment,Internal,,
2025,2,Industrial,incoming,appointment,External,,
2025,2,Industrial,incoming,first_timer,Yes,,
2025,2,Industrial,incoming,first_timer,No,,
2025,2,Industrial,outgoing,gender,Men,,
2025,2,Industrial,outgoing,gender,Women,,
2025,2,Industrial,outgoing,appointment,Internal,,
2025,2,Industrial,outgoing,appointment,External,,
2025,2,Industrial,outgoing,first_timer,Yes,,
2025,2,Industrial,outgoing,first_timer,No,,
2025,2,Technology,incoming,gender,Men,,
2025,2,Technology,incoming,gender,Women,,
2025,2,Technology,incoming,appointment,Internal,,
2025,2,Technology,incoming,appointment,External,,
2025,2,Technology,incoming,first_timer,Yes,,
2025,2,Technology,incoming,first_timer,No,,
2025,2,Technology,outgoing,gender,Men,,
2025,2,Technology,outgoing,gender,Women,,
2025,2,Technology,outgoing,appointment,Internal,,
2025,2,Technology,outgoing,appointment,External,,
2025,2,Technology,outgoing,first_timer,Yes,,
2025,2,Technology,outgoing,first_timer,No,,
2025,3,Global,incoming,gender,Men,46,92.0
2025,3,Global,incoming,gender,Women,4,8.0
2025,3,Global,incoming,appointment,Internal,28,56.0
2025,3,Global,incoming,appointment,External,22,44.0
2025,3,Global,incoming,first_timer,Yes,42,84.0
2025,3,Global,incoming,first_timer,No,8,16.0
2025,3,Global,outgoing,gender,Men,52,92.9
2025,3,Global,outgoing,gender,Women,4,7.1
2025,3,Global,outgoing,appointment,Internal,38,67.9
2025,3,Global,outgoing,appointment,External,18,32.1
2025,3,Global,outgoing,first_timer,Yes,47,83.9
2025,3,Global,outgoing,first_timer,No,9,16.1
2025,3,Consumer,incoming,gender,Men,,
2025,3,Consumer,incoming,gender,Women,,
2025,3,Consumer,incoming,appointment,Internal,,
2025,3,Consumer,incoming,appointment,External,,
2025,3,Consumer,incoming,first_timer,Yes,,
2025,3,Consumer,incoming,first_timer,No,,
2025,3,Consumer,outgoing,gender,Men,,
2025,3,Consumer,outgoing,gender,Women,,
2025,3,Consumer,outgoing,appointment,Internal,,
2025,3,Consumer,outgoing,appointment,External,,
2025,3,Consumer,outgoing,first_timer,Yes,,
2025,3,Consumer,outgoing,first_timer,No,,
2025,3,Financial Services,incoming,gender,Men,,
2025,3,Financial Services,incoming,gender,Women,,
2025,3,Financial Services,incoming,appointment,Internal,,
2025,3,Financial Services,incoming,appointment,External,,
2025,3,Financial Services,incoming,first_timer,Yes,,
2025,3,Financial Services,incoming,first_timer,No,,
2025,3,Financial Services,outgoing,gender,Men,,
2025,3,Financial Services,outgoing,gender,Women,,
2025,3,Financial Services,outgoing,appointment,Internal,,
2025,3,Financial Services,outgoing,appointment,External,,
2025,3,Financial Services,outgoing,first_timer,Yes,,
2025,3,Financial Services,outgoing,first_timer,No,,
2025,3,Healthcare,incoming,gender,Men,,
2025,3,Healthcare,incoming,gender,Women,,
2025,3,Healthcare,incoming,appointment,Internal,,
2025,3,Healthcare,incoming,appointment,External,,
2025,3,Healthcare,incoming,first_timer,Yes,,
2025,3,Healthcare,incoming,first_timer,No,,
2025,3,Healthcare,outgoing,gender,Men,,
2025,3,Healthcare,outgoing,gender,Women,,
2025,3,Healthcare,outgoing,appointment,Internal,,
2025,3,Healthcare,outgoing,appointment,External,,
2025,3,Healthcare,outgoing,first_timer,Yes,,
2025,3,Healthcare,outgoing,first_timer,No,,
2025,3,Industrial,incoming,gender,Men,,
2025,3,Industrial,incoming,gender,Women,,
2025,3,Industrial,incoming,appointment,Internal,,
2025,3,Industrial,incoming,appointment,External,,
2025,3,Industrial,incoming,first_timer,Yes,,
2025,3,Industrial,incoming,first_timer,No,,
2025,3,Industrial,outgoing,gender,Men,,
2025,3,Industrial,outgoing,gender,Women,,
2025,3,Industrial,outgoing,appointment,Internal,,
2025,3,Industrial,outgoing,appointment,External,,
2025,3,Industrial,outgoing,first_timer,Yes,,
2025,3,Industrial,outgoing,first_timer,No,,
2025,3,Technology,incoming,gender,Men,,
2025,3,Technology,incoming,gender,Women,,
2025,3,Technology,incoming,appointment,Internal,,
2025,3,Technology,incoming,appointment,External,,
2025,3,Technology,incoming,first_timer,Yes,,
2025,3,Technology,incoming,first_timer,No,,
2025,3,Technology,outgoing,gender,Men,,
2025,3,Technology,outgoing,gender,Women,,
2025,3,Technology,outgoing,appointment,Internal,,
2025,3,Technology,outgoing,appointment,External,,
2025,3,Technology,outgoing,first_timer,Yes,,
2025,3,Technology,outgoing,first_timer,No,,
2025,4,Global,incoming,gender,Men,33,89.2
2025,4,Global,incoming,gender,Women,4,10.9
2025,4,Global,incoming,appointment,Internal,19,51.4
2025,4,Global,incoming,appointment,External,18,48.6
2025,4,Global,incoming,first_timer,Yes,30,81.1
2025,4,Global,incoming,first_timer,No,7,18.9
2025,4,Global,outgoing,gender,Men,51,86.4
2025,4,Global,outgoing,gender,Women,8,13.6
2025,4,Global,outgoing,appointment,Internal,44,74.6
2025,4,Global,outgoing,appointment,External,15,25.4
2025,4,Global,outgoing,first_timer,Yes,52,88.1
2025,4,Global,outgoing,first_timer,No,7,11.9
2025,4,Consumer,incoming,gender,Men,,
2025,4,Consumer,incoming,gender,Women,,
2025,4,Consumer,incoming,appointment,Internal,,
2025,4,Consumer,incoming,appointment,External,,
2025,4,Consumer,incoming,first_timer,Yes,,
2025,4,Consumer,incoming,first_timer,No,,
2025,4,Consumer,outgoing,gender,Men,,
2025,4,Consumer,outgoing,gender,Women,,
2025,4,Consumer,outgoing,appointment,Internal,,
2025,4,Consumer,outgoing,appointment,External,,
2025,4,Consumer,outgoing,first_timer,Yes,,
2025,4,Consumer,outgoing,first_timer,No,,
2025,4,Financial Services,incoming,gender,Men,,
2025,4,Financial Services,incoming,gender,Women,,
2025,4,Financial Services,incoming,appointment,Internal,,
2025,4,Financial Services,incoming,appointment,External,,
2025,4,Financial Services,incoming,first_timer,Yes,,
2025,4,Financial Services,incoming,first_timer,No,,
2025,4,Financial Services,outgoing,gender,Men,,
2025,4,Financial Services,outgoing,gender,Women,,
2025,4,Financial Services,outgoing,appointment,Internal,,
2025,4,Financial Services,outgoing,appointment,External,,
2025,4,Financial Services,outgoing,first_timer,Yes,,
2025,4,Financial Services,outgoing,first_timer,No,,
2025,4,Healthcare,incoming,gender,Men,,
2025,4,Healthcare,incoming,gender,Women,,
2025,4,Healthcare,incoming,appointment,Internal,,
2025,4,Healthcare,incoming,appointment,External,,
2025,4,Healthcare,incoming,first_timer,Yes,,
2025,4,Healthcare,incoming,first_timer,No,,
2025,4,Healthcare,outgoing,gender,Men,,
2025,4,Healthcare,outgoing,gender,Women,,
2025,4,Healthcare,outgoing,appointment,Internal,,
2025,4,Healthcare,outgoing,appointment,External,,
2025,4,Healthcare,outgoing,first_timer,Yes,,
2025,4,Healthcare,outgoing,first_timer,No,,
2025,4,Industrial,incoming,gender,Men,,
2025,4,Industrial,incoming,gender,Women,,
2025,4,Industrial,incoming,appointment,Internal,,
2025,4,Industrial,incoming,appointment,External,,
2025,4,Industrial,incoming,first_timer,Yes,,
2025,4,Industrial,incoming,first_timer,No,,
2025,4,Industrial,outgoing,gender,Men,,
2025,4,Industrial,outgoing,gender,Women,,
2025,4,Industrial,outgoing,appointment,Internal,,
2025,4,Industrial,outgoing,appointment,External,,
2025,4,Industrial,outgoing,first_timer,Yes,,
2025,4,Industrial,outgoing,first_timer,No,,
2025,4,Technology,incoming,gender,Men,,
2025,4,Technology,incoming,gender,Women,,
2025,4,Technology,incoming,appointment,Internal,,
2025,4,Technology,incoming,appointment,External,,
2025,4,Technology,incoming,first_timer,Yes,,
2025,4,Technology,incoming,first_timer,No,,
2025,4,Technology,outgoing,gender,Men,,
2025,4,Technology,outgoing,gender,Women,,
2025,4,Technology,outgoing,appointment,Internal,,
2025,4,Technology,outgoing,appointment,External,,
2025,4,Technology,outgoing,first_timer,Yes,,
2025,4,Technology,outgoing,first_timer,No,,
